id;date;user;pc;activity;;;;
1;25/02/2025 17:28;user30;PC-040;Logoff;;;;
2;25/02/2025 9:10;user30;PC-040;Logon;;;;
3;25/02/2025 17:30;user29;PC-039;Logoff;;;;
4;25/02/2025 8:55;user29;PC-039;Logon;;;;
5;25/02/2025 17:16;user28;PC-038;Logoff;;;;
6;25/02/2025 8:41;user28;PC-038;Logon;;;;
7;25/02/2025 17:38;user27;PC-037;Logoff;;;;
8;25/02/2025 9:00;user27;PC-037;Logon;;;;
9;25/02/2025 17:41;user26;PC-036;Logoff;;;;
10;25/02/2025 8:55;user26;PC-036;Logon;;;;
11;25/02/2025 17:43;user25;PC-035;Logoff;;;;
12;25/02/2025 9:05;user25;PC-035;Logon;;;;
13;25/02/2025 17:27;user24;PC-034;Logoff;;;;
14;25/02/2025 8:55;user24;PC-034;Logon;;;;
15;25/02/2025 17:49;user23;PC-033;Logoff;;;;
16;25/02/2025 9:16;user23;PC-033;Logon;;;;
17;25/02/2025 17:18;user22;PC-032;Logoff;;;;
18;25/02/2025 8:45;user22;PC-032;Logon;;;;
19;25/02/2025 17:36;user21;PC-031;Logoff;;;;
20;25/02/2025 9:09;user21;PC-031;Logon;;;;
21;25/02/2025 17:24;user20;PC-030;Logoff;;;;
22;25/02/2025 8:50;user20;PC-030;Logon;;;;
23;25/02/2025 17:43;user19;PC-029;Logoff;;;;
24;25/02/2025 9:01;user19;PC-029;Logon;;;;
25;25/02/2025 17:37;user18;PC-028;Logoff;;;;
26;25/02/2025 8:59;user18;PC-028;Logon;;;;
27;25/02/2025 17:14;user17;PC-027;Logoff;;;;
28;25/02/2025 8:56;user17;PC-027;Logon;;;;
29;25/02/2025 17:36;user16;PC-026;Logoff;;;;
30;25/02/2025 9:00;user16;PC-026;Logon;;;;
31;25/02/2025 17:33;user15;PC-025;Logoff;;;;
32;25/02/2025 8:50;user15;PC-025;Logon;;;;
33;25/02/2025 17:47;user14;PC-024;Logoff;;;;
34;25/02/2025 9:17;user14;PC-024;Logon;;;;
35;25/02/2025 17:28;user13;PC-023;Logoff;;;;
36;25/02/2025 8:45;user13;PC-023;Logon;;;;
37;25/02/2025 17:44;user12;PC-022;Logoff;;;;
38;25/02/2025 9:05;user12;PC-022;Logon;;;;
39;25/02/2025 17:19;user11;PC-021;Logoff;;;;
40;25/02/2025 8:35;user11;PC-021;Logon;;;;
41;25/02/2025 17:38;user10;PC-020;Logoff;;;;
42;25/02/2025 9:27;user10;PC-020;Logon;;;;
43;25/02/2025 17:42;user09;PC-019;Logoff;;;;
44;25/02/2025 8:59;user09;PC-019;Logon;;;;
45;25/02/2025 17:22;user08;PC-018;Logoff;;;;
46;25/02/2025 8:38;user08;PC-018;Logon;;;;
47;25/02/2025 17:48;user07;PC-017;Logoff;;;;
48;25/02/2025 9:11;user07;PC-017;Logon;;;;
49;25/02/2025 17:29;user06;PC-016;Logoff;;;;
50;25/02/2025 8:55;user06;PC-016;Logon;;;;
51;25/02/2025 17:17;user05;PC-015;Logoff;;;;
52;25/02/2025 9:06;user05;PC-015;Logon;;;;
53;25/02/2025 17:35;user04;PC-014;Logoff;;;;
54;25/02/2025 8:49;user04;PC-014;Logon;;;;
55;25/02/2025 17:18;user03;PC-013;Logoff;;;;
56;25/02/2025 8:42;user03;PC-013;Logon;;;;
57;25/02/2025 17:36;user02;PC-012;Logoff;;;;
58;25/02/2025 9:01;user02;PC-012;Logon;;;;
59;25/02/2025 17:28;user01;PC-011;Logoff;;;;
60;25/02/2025 8:35;user01;PC-011;Logon;;;;
61;25/02/2025 17:37;jack;PC-010;Logoff;;;;
62;25/02/2025 8:50;jack;PC-010;Logon;;;;
63;25/02/2025 17:08;ian;PC-009;Logoff;;;;
64;25/02/2025 9:12;ian;PC-009;Logon;;;;
65;25/02/2025 17:23;hannah;PC-008;Logoff;;;;
66;25/02/2025 8:46;hannah;PC-008;Logon;;;;
67;25/02/2025 17:18;grace;PC-007;Logoff;;;;
68;25/02/2025 8:32;grace;PC-007;Logon;;;;
69;25/02/2025 17:15;frank;PC-006;Logoff;;;;
70;25/02/2025 9:16;frank;PC-006;Logon;;;;
71;25/02/2025 17:27;eva;PC-005;Logoff;;;;
72;25/02/2025 9:04;eva;PC-005;Logon;;;;
73;25/02/2025 17:31;david;PC-004;Logoff;;;;
74;25/02/2025 9:00;david;PC-004;Logon;;;;
75;25/02/2025 17:34;root2;PC-003;Logoff;;;;
76;25/02/2025 9:25;root2;PC-003;Logon;;;;
77;25/02/2025 17:28;root1;PC-002;Logoff;;;;
78;25/02/2025 9:04;root1;PC-002;Logon;;;;
79;25/02/2025 17:25;joe;PC-001;Logoff;;;;
80;25/02/2025 8:33;joe;PC-001;Logon;;;;
81;26/02/2025 17:42;user30;PC-040;Logoff;;;;
82;26/02/2025 9:17;user30;PC-040;Logon;;;;
83;26/02/2025 17:29;user29;PC-039;Logoff;;;;
84;26/02/2025 8:55;user29;PC-039;Logon;;;;
85;26/02/2025 17:16;user28;PC-038;Logoff;;;;
86;26/02/2025 8:41;user28;PC-038;Logon;;;;
87;26/02/2025 17:38;user27;PC-037;Logoff;;;;
88;26/02/2025 9:00;user27;PC-037;Logon;;;;
89;26/02/2025 17:41;user26;PC-036;Logoff;;;;
90;26/02/2025 8:55;user26;PC-036;Logon;;;;
91;26/02/2025 17:43;user25;PC-035;Logoff;;;;
92;26/02/2025 9:05;user25;PC-035;Logon;;;;
93;26/02/2025 17:27;user24;PC-034;Logoff;;;;
94;26/02/2025 8:55;user24;PC-034;Logon;;;;
95;26/02/2025 17:49;user23;PC-033;Logoff;;;;
96;26/02/2025 9:16;user23;PC-033;Logon;;;;
97;26/02/2025 17:12;user22;PC-032;Logoff;;;;
98;26/02/2025 8:45;user22;PC-032;Logon;;;;
99;26/02/2025 17:26;user21;PC-031;Logoff;;;;
100;26/02/2025 9:07;user21;PC-031;Logon;;;;
101;26/02/2025 17:24;user20;PC-030;Logoff;;;;
102;26/02/2025 8:50;user20;PC-030;Logon;;;;
103;26/02/2025 17:43;user19;PC-029;Logoff;;;;
104;26/02/2025 9:05;user19;PC-029;Logon;;;;
105;26/02/2025 17:37;user18;PC-028;Logoff;;;;
106;26/02/2025 8:51;user18;PC-028;Logon;;;;
107;26/02/2025 17:14;user17;PC-027;Logoff;;;;
108;26/02/2025 8:56;user17;PC-027;Logon;;;;
109;26/02/2025 17:36;user16;PC-026;Logoff;;;;
110;26/02/2025 9:00;user16;PC-026;Logon;;;;
111;26/02/2025 17:33;user15;PC-025;Logoff;;;;
112;26/02/2025 8:50;user15;PC-025;Logon;;;;
113;26/02/2025 17:47;user14;PC-024;Logoff;;;;
114;26/02/2025 9:17;user14;PC-024;Logon;;;;
115;26/02/2025 17:20;user13;PC-023;Logoff;;;;
116;26/02/2025 8:45;user13;PC-023;Logon;;;;
117;26/02/2025 17:44;user12;PC-022;Logoff;;;;
118;26/02/2025 9:05;user12;PC-022;Logon;;;;
119;26/02/2025 17:19;user11;PC-021;Logoff;;;;
120;26/02/2025 8:38;user11;PC-021;Logon;;;;
121;26/02/2025 17:38;user10;PC-020;Logoff;;;;
122;26/02/2025 9:27;user10;PC-020;Logon;;;;
123;26/02/2025 17:42;user09;PC-019;Logoff;;;;
124;26/02/2025 8:59;user09;PC-019;Logon;;;;
125;26/02/2025 17:22;user08;PC-018;Logoff;;;;
126;26/02/2025 8:38;user08;PC-018;Logon;;;;
127;26/02/2025 17:48;user07;PC-017;Logoff;;;;
128;26/02/2025 9:11;user07;PC-017;Logon;;;;
129;26/02/2025 17:39;user06;PC-016;Logoff;;;;
130;26/02/2025 8:55;user06;PC-016;Logon;;;;
131;26/02/2025 17:17;user05;PC-015;Logoff;;;;
132;26/02/2025 9:06;user05;PC-015;Logon;;;;
133;26/02/2025 17:35;user04;PC-014;Logoff;;;;
134;26/02/2025 8:49;user04;PC-014;Logon;;;;
135;26/02/2025 17:18;user03;PC-013;Logoff;;;;
136;26/02/2025 8:42;user03;PC-013;Logon;;;;
137;26/02/2025 17:36;user02;PC-012;Logoff;;;;
138;26/02/2025 9:01;user02;PC-012;Logon;;;;
139;26/02/2025 17:28;user01;PC-011;Logoff;;;;
140;26/02/2025 8:35;user01;PC-011;Logon;;;;
141;26/02/2025 17:37;jack;PC-010;Logoff;;;;
142;26/02/2025 8:50;jack;PC-010;Logon;;;;
143;26/02/2025 17:08;ian;PC-009;Logoff;;;;
144;26/02/2025 9:12;ian;PC-009;Logon;;;;
145;26/02/2025 17:23;hannah;PC-008;Logoff;;;;
146;26/02/2025 8:46;hannah;PC-008;Logon;;;;
147;26/02/2025 17:12;grace;PC-007;Logoff;;;;
148;26/02/2025 8:32;grace;PC-007;Logon;;;;
149;26/02/2025 17:15;frank;PC-006;Logoff;;;;
150;26/02/2025 9:16;frank;PC-006;Logon;;;;
151;26/02/2025 17:27;eva;PC-005;Logoff;;;;
152;26/02/2025 9:04;eva;PC-005;Logon;;;;
153;26/02/2025 17:31;david;PC-004;Logoff;;;;
154;26/02/2025 9:02;david;PC-004;Logon;;;;
155;26/02/2025 17:34;root2;PC-003;Logoff;;;;
156;26/02/2025 9:25;root2;PC-003;Logon;;;;
157;26/02/2025 17:26;root1;PC-002;Logoff;;;;
158;26/02/2025 9:03;root1;PC-002;Logon;;;;
159;26/02/2025 17:22;joe;PC-001;Logoff;;;;
160;26/02/2025 8:33;joe;PC-001;Logon;;;;
161;26/02/2025 20:04;user03;PC-013;Logoff;;;;
162;26/02/2025 19:21;user03;PC-013;Logoff;;;;m
163;27/02/2025 17:42;user30;PC-040;Logoff;;;;
164;27/02/2025 9:19;user30;PC-040;Logon;;;;
165;27/02/2025 17:29;user29;PC-039;Logoff;;;;
166;27/02/2025 8:55;user29;PC-039;Logon;;;;
167;27/02/2025 17:16;user28;PC-038;Logoff;;;;
168;27/02/2025 8:41;user28;PC-038;Logon;;;;
169;27/02/2025 17:38;user27;PC-037;Logoff;;;;
170;27/02/2025 9:00;user27;PC-037;Logon;;;;
171;27/02/2025 17:40;user26;PC-036;Logoff;;;;
172;27/02/2025 8:55;user26;PC-036;Logon;;;;
173;27/02/2025 17:37;user25;PC-035;Logoff;;;;
174;27/02/2025 9:05;user25;PC-035;Logon;;;;
175;27/02/2025 17:27;user24;PC-034;Logoff;;;;
176;27/02/2025 8:55;user24;PC-034;Logon;;;;
177;27/02/2025 17:49;user23;PC-033;Logoff;;;;
178;27/02/2025 9:16;user23;PC-033;Logon;;;;
179;27/02/2025 17:18;user22;PC-032;Logoff;;;;
180;27/02/2025 8:45;user22;PC-032;Logon;;;;
181;27/02/2025 17:26;user21;PC-031;Logoff;;;;
182;27/02/2025 9:07;user21;PC-031;Logon;;;;
183;27/02/2025 17:24;user20;PC-030;Logoff;;;;
184;27/02/2025 8:56;user20;PC-030;Logon;;;;
185;27/02/2025 17:43;user19;PC-029;Logoff;;;;
186;27/02/2025 9:05;user19;PC-029;Logon;;;;
187;27/02/2025 17:37;user18;PC-028;Logoff;;;;
188;27/02/2025 8:55;user18;PC-028;Logon;;;;
189;27/02/2025 17:14;user17;PC-027;Logoff;;;;
190;27/02/2025 8:56;user17;PC-027;Logon;;;;
191;27/02/2025 17:36;user16;PC-026;Logoff;;;;
192;27/02/2025 9:00;user16;PC-026;Logon;;;;
193;27/02/2025 17:38;user15;PC-025;Logoff;;;;
194;27/02/2025 8:50;user15;PC-025;Logon;;;;
195;27/02/2025 17:47;user14;PC-024;Logoff;;;;
196;27/02/2025 9:17;user14;PC-024;Logon;;;;
197;27/02/2025 17:28;user13;PC-023;Logoff;;;;
198;27/02/2025 8:45;user13;PC-023;Logon;;;;
199;27/02/2025 17:44;user12;PC-022;Logoff;;;;
200;27/02/2025 9:05;user12;PC-022;Logon;;;;
201;27/02/2025 17:03;user11;PC-021;Logoff;;;;
202;27/02/2025 8:35;user11;PC-021;Logon;;;;
203;27/02/2025 17:38;user10;PC-020;Logoff;;;;
204;27/02/2025 9:27;user10;PC-020;Logon;;;;
205;27/02/2025 17:42;user09;PC-019;Logoff;;;;
206;27/02/2025 8:59;user09;PC-019;Logon;;;;
207;27/02/2025 17:08;user08;PC-018;Logoff;;;;
208;27/02/2025 8:38;user08;PC-018;Logon;;;;
209;27/02/2025 17:48;user07;PC-017;Logoff;;;;
210;27/02/2025 9:11;user07;PC-017;Logon;;;;
211;27/02/2025 17:29;user06;PC-016;Logoff;;;;
212;27/02/2025 8:55;user06;PC-016;Logon;;;;
213;27/02/2025 17:17;user05;PC-015;Logoff;;;;
214;27/02/2025 9:06;user05;PC-015;Logon;;;;
215;27/02/2025 17:35;user04;PC-014;Logoff;;;;
216;27/02/2025 8:49;user04;PC-014;Logon;;;;
217;27/02/2025 17:18;user03;PC-013;Logoff;;;;
218;27/02/2025 8:42;user03;PC-013;Logon;;;;
219;27/02/2025 17:36;user02;PC-012;Logoff;;;;
220;27/02/2025 9:01;user02;PC-012;Logon;;;;
221;27/02/2025 17:28;user01;PC-011;Logoff;;;;
222;27/02/2025 8:35;user01;PC-011;Logon;;;;
223;27/02/2025 17:37;jack;PC-010;Logoff;;;;
224;27/02/2025 8:50;jack;PC-010;Logon;;;;
225;27/02/2025 17:08;ian;PC-009;Logoff;;;;
226;27/02/2025 9:12;ian;PC-009;Logon;;;;
227;27/02/2025 17:22;hannah;PC-008;Logoff;;;;
228;27/02/2025 8:46;hannah;PC-008;Logon;;;;
229;27/02/2025 17:13;grace;PC-007;Logoff;;;;
230;27/02/2025 8:32;grace;PC-007;Logon;;;;
231;27/02/2025 17:16;frank;PC-006;Logoff;;;;
232;27/02/2025 9:19;frank;PC-006;Logon;;;;
233;27/02/2025 17:28;eva;PC-005;Logoff;;;;
234;27/02/2025 9:04;eva;PC-005;Logon;;;;
235;27/02/2025 17:33;david;PC-004;Logoff;;;;
236;27/02/2025 9:02;david;PC-004;Logon;;;;
237;27/02/2025 17:35;root2;PC-003;Logoff;;;;
238;27/02/2025 9:25;root2;PC-003;Logon;;;;
239;27/02/2025 17:27;root1;PC-002;Logoff;;;;
240;27/02/2025 9:03;root1;PC-002;Logon;;;;
241;27/02/2025 17:24;joe;PC-001;Logoff;;;;
242;27/02/2025 8:32;joe;PC-001;Logon;;;;
243;28/02/2025 17:38;user30;PC-040;Logoff;;;;
244;28/02/2025 9:19;user30;PC-040;Logon;;;;
245;28/02/2025 17:29;user29;PC-039;Logoff;;;;
246;28/02/2025 8:55;user29;PC-039;Logon;;;;
247;28/02/2025 17:19;user28;PC-038;Logoff;;;;
248;28/02/2025 8:41;user28;PC-038;Logon;;;;
249;28/02/2025 17:38;user27;PC-037;Logoff;;;;
250;28/02/2025 9:00;user27;PC-037;Logon;;;;
251;28/02/2025 17:41;user26;PC-036;Logoff;;;;
252;28/02/2025 8:55;user26;PC-036;Logon;;;;
253;28/02/2025 17:43;user25;PC-035;Logoff;;;;
254;28/02/2025 9:05;user25;PC-035;Logon;;;;
255;28/02/2025 17:27;user24;PC-034;Logoff;;;;
256;28/02/2025 8:55;user24;PC-034;Logon;;;;
257;28/02/2025 17:49;user23;PC-033;Logoff;;;;
258;28/02/2025 9:16;user23;PC-033;Logon;;;;
259;28/02/2025 17:18;user22;PC-032;Logoff;;;;
260;28/02/2025 8:45;user22;PC-032;Logon;;;;
261;28/02/2025 17:21;user21;PC-031;Logoff;;;;
262;28/02/2025 9:07;user21;PC-031;Logon;;;;
263;28/02/2025 17:24;user20;PC-030;Logoff;;;;
264;28/02/2025 8:50;user20;PC-030;Logon;;;;
265;28/02/2025 17:43;user19;PC-029;Logoff;;;;
266;28/02/2025 9:05;user19;PC-029;Logon;;;;
267;28/02/2025 17:37;user18;PC-028;Logoff;;;;
268;28/02/2025 8:55;user18;PC-028;Logon;;;;
269;28/02/2025 17:18;user17;PC-027;Logoff;;;;
270;28/02/2025 8:56;user17;PC-027;Logon;;;;
271;28/02/2025 17:36;user16;PC-026;Logoff;;;;
272;28/02/2025 9:00;user16;PC-026;Logon;;;;
273;28/02/2025 17:37;user15;PC-025;Logoff;;;;
274;28/02/2025 8:50;user15;PC-025;Logon;;;;
275;28/02/2025 17:47;user14;PC-024;Logoff;;;;
276;28/02/2025 9:17;user14;PC-024;Logon;;;;
277;28/02/2025 17:28;user13;PC-023;Logoff;;;;
278;28/02/2025 8:45;user13;PC-023;Logon;;;;
279;28/02/2025 17:44;user12;PC-022;Logoff;;;;
280;28/02/2025 9:05;user12;PC-022;Logon;;;;
281;28/02/2025 17:19;user11;PC-021;Logoff;;;;
282;28/02/2025 8:35;user11;PC-021;Logon;;;;
283;28/02/2025 17:38;user10;PC-020;Logoff;;;;
284;28/02/2025 9:27;user10;PC-020;Logon;;;;
285;28/02/2025 17:42;user09;PC-019;Logoff;;;;
286;28/02/2025 8:59;user09;PC-019;Logon;;;;
287;28/02/2025 17:22;user08;PC-018;Logoff;;;;
288;28/02/2025 8:38;user08;PC-018;Logon;;;;
289;28/02/2025 17:48;user07;PC-017;Logoff;;;;
290;28/02/2025 9:11;user07;PC-017;Logon;;;;
291;28/02/2025 17:29;user06;PC-016;Logoff;;;;
292;28/02/2025 8:55;user06;PC-016;Logon;;;;
293;28/02/2025 17:17;user05;PC-015;Logoff;;;;
294;28/02/2025 9:06;user05;PC-015;Logon;;;;
295;28/02/2025 17:35;user04;PC-014;Logoff;;;;
296;28/02/2025 8:49;user04;PC-014;Logon;;;;
297;28/02/2025 17:18;user03;PC-013;Logoff;;;;
298;28/02/2025 8:42;user03;PC-013;Logon;;;;
299;28/02/2025 17:36;user02;PC-012;Logoff;;;;
300;28/02/2025 9:01;user02;PC-012;Logon;;;;
301;28/02/2025 17:28;user01;PC-011;Logoff;;;;
302;28/02/2025 8:35;user01;PC-011;Logon;;;;
303;28/02/2025 17:37;jack;PC-010;Logoff;;;;
304;28/02/2025 8:50;jack;PC-010;Logon;;;;
305;28/02/2025 17:08;ian;PC-009;Logoff;;;;
306;28/02/2025 9:12;ian;PC-009;Logon;;;;
307;28/02/2025 17:22;hannah;PC-008;Logoff;;;;
308;28/02/2025 8:46;hannah;PC-008;Logon;;;;
309;28/02/2025 17:12;grace;PC-007;Logoff;;;;
310;28/02/2025 8:32;grace;PC-007;Logon;;;;
311;28/02/2025 17:14;frank;PC-006;Logoff;;;;
312;28/02/2025 9:16;frank;PC-006;Logon;;;;
313;28/02/2025 17:26;eva;PC-005;Logoff;;;;
314;28/02/2025 9:04;eva;PC-005;Logon;;;;
315;28/02/2025 17:31;david;PC-004;Logoff;;;;
316;28/02/2025 9:02;david;PC-004;Logon;;;;
317;28/02/2025 17:37;root2;PC-003;Logoff;;;;
318;28/02/2025 9:25;root2;PC-003;Logon;;;;
319;28/02/2025 17:28;root1;PC-002;Logoff;;;;
320;28/02/2025 9:04;root1;PC-002;Logon;;;;
321;28/02/2025 17:23;joe;PC-001;Logoff;;;;
322;28/02/2025 8:32;joe;PC-001;Logon;;;;
323;28/02/2025 20:52;user25;PC-035;Logoff;;;;
324;28/02/2025 19:32;user25;PC-035;Logon;;;;m
325;01/03/2025 17:44;user30;PC-040;Logoff;;;;
326;01/03/2025 9:19;user30;PC-040;Logon;;;;
327;01/03/2025 17:29;user29;PC-039;Logoff;;;;
328;01/03/2025 8:55;user29;PC-039;Logon;;;;
329;01/03/2025 17:16;user28;PC-038;Logoff;;;;
330;01/03/2025 8:41;user28;PC-038;Logon;;;;
331;01/03/2025 17:38;user27;PC-037;Logoff;;;;
332;01/03/2025 9:00;user27;PC-037;Logon;;;;
333;01/03/2025 17:41;user26;PC-036;Logoff;;;;
334;01/03/2025 8:55;user26;PC-036;Logon;;;;
335;01/03/2025 17:43;user25;PC-035;Logoff;;;;
336;01/03/2025 9:05;user25;PC-035;Logon;;;;
337;01/03/2025 17:27;user24;PC-034;Logoff;;;;
338;01/03/2025 8:55;user24;PC-034;Logon;;;;
339;01/03/2025 17:49;user23;PC-033;Logoff;;;;
340;01/03/2025 9:16;user23;PC-033;Logon;;;;
341;01/03/2025 17:18;user22;PC-032;Logoff;;;;
342;01/03/2025 8:45;user22;PC-032;Logon;;;;
343;01/03/2025 17:26;user21;PC-031;Logoff;;;;
344;01/03/2025 9:07;user21;PC-031;Logon;;;;
345;01/03/2025 17:24;user20;PC-030;Logoff;;;;
346;01/03/2025 8:50;user20;PC-030;Logon;;;;
347;01/03/2025 17:43;user19;PC-029;Logoff;;;;
348;01/03/2025 9:05;user19;PC-029;Logon;;;;
349;01/03/2025 17:37;user18;PC-028;Logoff;;;;
350;01/03/2025 8:55;user18;PC-028;Logon;;;;
351;01/03/2025 17:14;user17;PC-027;Logoff;;;;
352;01/03/2025 8:56;user17;PC-027;Logon;;;;
353;01/03/2025 17:36;user16;PC-026;Logoff;;;;
354;01/03/2025 9:00;user16;PC-026;Logon;;;;
355;01/03/2025 17:33;user15;PC-025;Logoff;;;;
356;01/03/2025 8:50;user15;PC-025;Logon;;;;
357;01/03/2025 17:47;user14;PC-024;Logoff;;;;
358;01/03/2025 9:17;user14;PC-024;Logon;;;;
359;01/03/2025 17:28;user13;PC-023;Logoff;;;;
360;01/03/2025 8:45;user13;PC-023;Logon;;;;
361;01/03/2025 17:44;user12;PC-022;Logoff;;;;
362;01/03/2025 9:05;user12;PC-022;Logon;;;;
363;01/03/2025 17:19;user11;PC-021;Logoff;;;;
364;01/03/2025 8:35;user11;PC-021;Logon;;;;
365;01/03/2025 17:38;user10;PC-020;Logoff;;;;
366;01/03/2025 9:27;user10;PC-020;Logon;;;;
367;01/03/2025 17:42;user09;PC-019;Logoff;;;;
368;01/03/2025 8:59;user09;PC-019;Logon;;;;
369;01/03/2025 17:22;user08;PC-018;Logoff;;;;
370;01/03/2025 8:38;user08;PC-018;Logon;;;;
371;01/03/2025 17:48;user07;PC-017;Logoff;;;;
372;01/03/2025 9:11;user07;PC-017;Logon;;;;
373;01/03/2025 17:29;user06;PC-016;Logoff;;;;
374;01/03/2025 8:55;user06;PC-016;Logon;;;;
375;01/03/2025 17:17;user05;PC-015;Logoff;;;;
376;01/03/2025 9:06;user05;PC-015;Logon;;;;
377;01/03/2025 17:35;user04;PC-014;Logoff;;;;
378;01/03/2025 8:49;user04;PC-014;Logon;;;;
379;01/03/2025 17:18;user03;PC-013;Logoff;;;;
380;01/03/2025 8:42;user03;PC-013;Logon;;;;
381;01/03/2025 17:36;user02;PC-012;Logoff;;;;
382;01/03/2025 9:01;user02;PC-012;Logon;;;;
383;01/03/2025 17:28;user01;PC-011;Logoff;;;;
384;01/03/2025 8:35;user01;PC-011;Logon;;;;
385;01/03/2025 17:37;jack;PC-010;Logoff;;;;
386;01/03/2025 8:50;jack;PC-010;Logon;;;;
387;01/03/2025 17:07;ian;PC-009;Logoff;;;;
388;01/03/2025 9:12;ian;PC-009;Logon;;;;
389;01/03/2025 17:22;hannah;PC-008;Logoff;;;;
390;01/03/2025 8:46;hannah;PC-008;Logon;;;;
391;01/03/2025 17:11;grace;PC-007;Logoff;;;;
392;01/03/2025 8:32;grace;PC-007;Logon;;;;
393;01/03/2025 17:14;frank;PC-006;Logoff;;;;
394;01/03/2025 9:16;frank;PC-006;Logon;;;;
395;01/03/2025 17:28;eva;PC-005;Logoff;;;;
396;01/03/2025 9:04;eva;PC-005;Logon;;;;
397;01/03/2025 17:31;david;PC-004;Logoff;;;;
398;01/03/2025 9:02;david;PC-004;Logon;;;;
399;01/03/2025 17:34;root2;PC-003;Logoff;;;;
400;01/03/2025 9:25;root2;PC-003;Logon;;;;
401;01/03/2025 17:26;root1;PC-002;Logoff;;;;
402;01/03/2025 9:04;root1;PC-002;Logon;;;;
403;01/03/2025 17:23;joe;PC-001;Logoff;;;;
404;01/03/2025 8:33;joe;PC-001;Logon;;;;
405;01/03/2025 1:32;user19;PC-029;Logoff;;;;
406;01/03/2025 23:46;user19;PC-029;Logon;;;;m
407;03/03/2025 17:21;user30;PC-040;Logoff;;;;
408;03/03/2025 9:26;user30;PC-040;Logon;;;;
409;03/03/2025 17:10;user29;PC-039;Logoff;;;;
410;03/03/2025 8:55;user29;PC-039;Logon;;;;
411;03/03/2025 17:16;user28;PC-038;Logoff;;;;
412;03/03/2025 8:41;user28;PC-038;Logon;;;;
413;03/03/2025 17:38;user27;PC-037;Logoff;;;;
414;03/03/2025 9:00;user27;PC-037;Logon;;;;
415;03/03/2025 17:11;user26;PC-036;Logoff;;;;
416;03/03/2025 8:55;user26;PC-036;Logon;;;;
417;03/03/2025 17:12;user25;PC-035;Logoff;;;;
418;03/03/2025 9:05;user25;PC-035;Logon;;;;
419;03/03/2025 17:27;user24;PC-034;Logoff;;;;
420;03/03/2025 8:55;user24;PC-034;Logon;;;;
421;03/03/2025 17:49;user23;PC-033;Logoff;;;;
422;03/03/2025 9:16;user23;PC-033;Logon;;;;
423;03/03/2025 17:18;user22;PC-032;Logoff;;;;
424;03/03/2025 8:45;user22;PC-032;Logon;;;;
425;03/03/2025 17:26;user21;PC-031;Logoff;;;;
426;03/03/2025 9:08;user21;PC-031;Logon;;;;
427;03/03/2025 17:12;user20;PC-030;Logoff;;;;
428;03/03/2025 8:50;user20;PC-030;Logon;;;;
429;03/03/2025 17:43;user19;PC-029;Logoff;;;;
430;03/03/2025 9:05;user19;PC-029;Logon;;;;
431;03/03/2025 17:37;user18;PC-028;Logoff;;;;
432;03/03/2025 8:55;user18;PC-028;Logon;;;;
433;03/03/2025 17:14;user17;PC-027;Logoff;;;;
434;03/03/2025 8:59;user17;PC-027;Logon;;;;
435;03/03/2025 17:36;user16;PC-026;Logoff;;;;
436;03/03/2025 9:00;user16;PC-026;Logon;;;;
437;03/03/2025 17:33;user15;PC-025;Logoff;;;;
438;03/03/2025 8:50;user15;PC-025;Logon;;;;
439;03/03/2025 17:47;user14;PC-024;Logoff;;;;
440;03/03/2025 9:13;user14;PC-024;Logon;;;;
441;03/03/2025 17:28;user13;PC-023;Logoff;;;;
442;03/03/2025 8:45;user13;PC-023;Logon;;;;
443;03/03/2025 17:44;user12;PC-022;Logoff;;;;
444;03/03/2025 9:05;user12;PC-022;Logon;;;;
445;03/03/2025 17:17;user11;PC-021;Logoff;;;;
446;03/03/2025 8:35;user11;PC-021;Logon;;;;
447;03/03/2025 17:38;user10;PC-020;Logoff;;;;
448;03/03/2025 9:27;user10;PC-020;Logon;;;;
449;03/03/2025 17:42;user09;PC-019;Logoff;;;;
450;03/03/2025 8:59;user09;PC-019;Logon;;;;
451;03/03/2025 17:22;user08;PC-018;Logoff;;;;
452;03/03/2025 8:38;user08;PC-018;Logon;;;;
453;03/03/2025 17:41;user07;PC-017;Logoff;;;;
454;03/03/2025 9:11;user07;PC-017;Logon;;;;
455;03/03/2025 17:29;user06;PC-016;Logoff;;;;
456;03/03/2025 8:55;user06;PC-016;Logon;;;;
457;03/03/2025 17:13;user05;PC-015;Logoff;;;;
458;03/03/2025 9:06;user05;PC-015;Logon;;;;
459;03/03/2025 17:35;user04;PC-014;Logoff;;;;
460;03/03/2025 8:43;user04;PC-014;Logon;;;;
461;03/03/2025 17:18;user03;PC-013;Logoff;;;;
462;03/03/2025 8:42;user03;PC-013;Logon;;;;
463;03/03/2025 17:36;user02;PC-012;Logoff;;;;
464;03/03/2025 9:01;user02;PC-012;Logon;;;;
465;03/03/2025 17:28;user01;PC-011;Logoff;;;;
466;03/03/2025 8:35;user01;PC-011;Logon;;;;
467;03/03/2025 17:37;jack;PC-010;Logoff;;;;
468;03/03/2025 8:50;jack;PC-010;Logon;;;;
469;03/03/2025 17:08;ian;PC-009;Logoff;;;;
470;03/03/2025 9:12;ian;PC-009;Logon;;;;
471;03/03/2025 17:24;hannah;PC-008;Logoff;;;;
472;03/03/2025 8:46;hannah;PC-008;Logon;;;;
473;03/03/2025 17:13;grace;PC-007;Logoff;;;;
474;03/03/2025 8:32;grace;PC-007;Logon;;;;
475;03/03/2025 17:16;frank;PC-006;Logoff;;;;
476;03/03/2025 9:16;frank;PC-006;Logon;;;;
477;03/03/2025 17:27;eva;PC-005;Logoff;;;;
478;03/03/2025 9:04;eva;PC-005;Logon;;;;
479;03/03/2025 17:32;david;PC-004;Logoff;;;;
480;03/03/2025 9:00;david;PC-004;Logon;;;;
481;03/03/2025 17:36;root2;PC-003;Logoff;;;;
482;03/03/2025 9:25;root2;PC-003;Logon;;;;
483;03/03/2025 17:28;root1;PC-002;Logoff;;;;
484;03/03/2025 9:02;root1;PC-002;Logon;;;;
485;03/03/2025 17:24;joe;PC-001;Logoff;;;;
486;03/03/2025 8:33;joe;PC-001;Logon;;;;
487;04/03/2025 17:44;user30;PC-040;Logoff;;;;
488;04/03/2025 9:19;user30;PC-040;Logon;;;;
489;04/03/2025 17:29;user29;PC-039;Logoff;;;;
490;04/03/2025 8:55;user29;PC-039;Logon;;;;
491;04/03/2025 17:16;user28;PC-038;Logoff;;;;
492;04/03/2025 8:41;user28;PC-038;Logon;;;;
493;04/03/2025 17:38;user27;PC-037;Logoff;;;;
494;04/03/2025 9:00;user27;PC-037;Logon;;;;
495;04/03/2025 17:41;user26;PC-036;Logoff;;;;
496;04/03/2025 8:55;user26;PC-036;Logon;;;;
497;04/03/2025 17:43;user25;PC-035;Logoff;;;;
498;04/03/2025 9:05;user25;PC-035;Logon;;;;
499;04/03/2025 17:27;user24;PC-034;Logoff;;;;
500;04/03/2025 8:55;user24;PC-034;Logon;;;;
501;04/03/2025 17:49;user23;PC-033;Logoff;;;;
502;04/03/2025 9:16;user23;PC-033;Logon;;;;
503;04/03/2025 17:18;user22;PC-032;Logoff;;;;
504;04/03/2025 8:45;user22;PC-032;Logon;;;;
505;04/03/2025 17:26;user21;PC-031;Logoff;;;;
506;04/03/2025 9:07;user21;PC-031;Logon;;;;
507;04/03/2025 17:24;user20;PC-030;Logoff;;;;
508;04/03/2025 8:50;user20;PC-030;Logon;;;;
509;04/03/2025 17:43;user19;PC-029;Logoff;;;;
510;04/03/2025 9:05;user19;PC-029;Logon;;;;
511;04/03/2025 17:37;user18;PC-028;Logoff;;;;
512;04/03/2025 8:55;user18;PC-028;Logon;;;;
513;04/03/2025 17:14;user17;PC-027;Logoff;;;;
514;04/03/2025 8:56;user17;PC-027;Logon;;;;
515;04/03/2025 17:36;user16;PC-026;Logoff;;;;
516;04/03/2025 9:00;user16;PC-026;Logon;;;;
517;04/03/2025 17:33;user15;PC-025;Logoff;;;;
518;04/03/2025 8:50;user15;PC-025;Logon;;;;
519;04/03/2025 17:47;user14;PC-024;Logoff;;;;
520;04/03/2025 9:17;user14;PC-024;Logon;;;;
521;04/03/2025 17:28;user13;PC-023;Logoff;;;;
522;04/03/2025 8:45;user13;PC-023;Logon;;;;
523;04/03/2025 17:44;user12;PC-022;Logoff;;;;
524;04/03/2025 9:05;user12;PC-022;Logon;;;;
525;04/03/2025 17:19;user11;PC-021;Logoff;;;;
526;04/03/2025 8:35;user11;PC-021;Logon;;;;
527;04/03/2025 17:38;user10;PC-020;Logoff;;;;
528;04/03/2025 9:27;user10;PC-020;Logon;;;;
529;04/03/2025 17:42;user09;PC-019;Logoff;;;;
530;04/03/2025 8:59;user09;PC-019;Logon;;;;
531;04/03/2025 17:22;user08;PC-018;Logoff;;;;
532;04/03/2025 8:38;user08;PC-018;Logon;;;;
533;04/03/2025 17:48;user07;PC-017;Logoff;;;;
534;04/03/2025 9:11;user07;PC-017;Logon;;;;
535;04/03/2025 17:29;user06;PC-016;Logoff;;;;
536;04/03/2025 8:55;user06;PC-016;Logon;;;;
537;04/03/2025 17:17;user05;PC-015;Logoff;;;;
538;04/03/2025 9:06;user05;PC-015;Logon;;;;
539;04/03/2025 17:35;user04;PC-014;Logoff;;;;
540;04/03/2025 8:49;user04;PC-014;Logon;;;;
541;04/03/2025 17:18;user03;PC-013;Logoff;;;;
542;04/03/2025 8:42;user03;PC-013;Logon;;;;
543;04/03/2025 17:36;user02;PC-012;Logoff;;;;
544;04/03/2025 9:01;user02;PC-012;Logon;;;;
545;04/03/2025 17:28;user01;PC-011;Logoff;;;;
546;04/03/2025 8:35;user01;PC-011;Logon;;;;
547;04/03/2025 17:37;jack;PC-010;Logoff;;;;
548;04/03/2025 8:50;jack;PC-010;Logon;;;;
549;04/03/2025 17:08;ian;PC-009;Logoff;;;;
550;04/03/2025 9:12;ian;PC-009;Logon;;;;
551;04/03/2025 17:24;hannah;PC-008;Logoff;;;;
552;04/03/2025 8:46;hannah;PC-008;Logon;;;;
553;04/03/2025 17:13;grace;PC-007;Logoff;;;;
554;04/03/2025 8:32;grace;PC-007;Logon;;;;
555;04/03/2025 17:16;frank;PC-006;Logoff;;;;
556;04/03/2025 9:16;frank;PC-006;Logon;;;;
557;04/03/2025 17:27;eva;PC-005;Logoff;;;;
558;04/03/2025 9:04;eva;PC-005;Logon;;;;
559;04/03/2025 17:32;david;PC-004;Logoff;;;;
560;04/03/2025 9:00;david;PC-004;Logon;;;;
561;04/03/2025 17:34;root2;PC-003;Logoff;;;;
562;04/03/2025 9:25;root2;PC-003;Logon;;;;
563;04/03/2025 17:26;root1;PC-002;Logoff;;;;
564;04/03/2025 9:02;root1;PC-002;Logon;;;;
565;04/03/2025 17:23;joe;PC-001;Logoff;;;;
566;04/03/2025 8:31;joe;PC-001;Logon;;;;
567;04/03/2025 2:00;user14;PC-024;Logoff;;;;
568;04/03/2025 0:35;user14;PC-024;Logon;;;;m
569;05/03/2025 17:34;user30;PC-040;Logoff;;;;
570;05/03/2025 9:19;user30;PC-040;Logon;;;;
571;05/03/2025 17:25;user29;PC-039;Logoff;;;;
572;05/03/2025 8:55;user29;PC-039;Logon;;;;
573;05/03/2025 17:10;user28;PC-038;Logoff;;;;
574;05/03/2025 9:26;user28;PC-038;Logon;;;;
575;05/03/2025 17:21;user27;PC-037;Logoff;;;;
576;05/03/2025 9:00;user27;PC-037;Logon;;;;
577;05/03/2025 17:38;user26;PC-036;Logoff;;;;
578;05/03/2025 8:58;user26;PC-036;Logon;;;;
579;05/03/2025 17:40;user25;PC-035;Logoff;;;;
580;05/03/2025 9:12;user25;PC-035;Logon;;;;
581;05/03/2025 17:24;user24;PC-034;Logoff;;;;
582;05/03/2025 8:55;user24;PC-034;Logon;;;;
583;05/03/2025 17:45;user23;PC-033;Logoff;;;;
584;05/03/2025 9:16;user23;PC-033;Logon;;;;
585;05/03/2025 17:15;user22;PC-032;Logoff;;;;
586;05/03/2025 8:45;user22;PC-032;Logon;;;;
587;05/03/2025 17:23;user21;PC-031;Logoff;;;;
588;05/03/2025 9:07;user21;PC-031;Logon;;;;
589;05/03/2025 17:20;user20;PC-030;Logoff;;;;
590;05/03/2025 8:50;user20;PC-030;Logon;;;;
591;05/03/2025 17:40;user19;PC-029;Logoff;;;;
592;05/03/2025 9:05;user19;PC-029;Logon;;;;
593;05/03/2025 17:33;user18;PC-028;Logoff;;;;
594;05/03/2025 8:55;user18;PC-028;Logon;;;;
595;05/03/2025 17:10;user17;PC-027;Logoff;;;;
596;05/03/2025 8:56;user17;PC-027;Logon;;;;
597;05/03/2025 17:31;user16;PC-026;Logoff;;;;
598;05/03/2025 9:05;user16;PC-026;Logon;;;;
599;05/03/2025 17:31;user15;PC-025;Logoff;;;;
600;05/03/2025 8:50;user15;PC-025;Logon;;;;
601;05/03/2025 17:45;user14;PC-024;Logoff;;;;
602;05/03/2025 9:17;user14;PC-024;Logon;;;;
603;05/03/2025 17:25;user13;PC-023;Logoff;;;;
604;05/03/2025 8:45;user13;PC-023;Logon;;;;
605;05/03/2025 17:41;user12;PC-022;Logoff;;;;
606;05/03/2025 9:05;user12;PC-022;Logon;;;;
607;05/03/2025 17:14;user11;PC-021;Logoff;;;;
608;05/03/2025 8:35;user11;PC-021;Logon;;;;
609;05/03/2025 17:35;user10;PC-020;Logoff;;;;
610;05/03/2025 9:27;user10;PC-020;Logon;;;;
611;05/03/2025 17:39;user09;PC-019;Logoff;;;;
612;05/03/2025 8:59;user09;PC-019;Logon;;;;
613;05/03/2025 17:19;user08;PC-018;Logoff;;;;
614;05/03/2025 8:38;user08;PC-018;Logon;;;;
615;05/03/2025 17:45;user07;PC-017;Logoff;;;;
616;05/03/2025 9:11;user07;PC-017;Logon;;;;
617;05/03/2025 17:25;user06;PC-016;Logoff;;;;
618;05/03/2025 8:55;user06;PC-016;Logon;;;;
619;05/03/2025 17:13;user05;PC-015;Logoff;;;;
620;05/03/2025 9:06;user05;PC-015;Logon;;;;
621;05/03/2025 17:32;user04;PC-014;Logoff;;;;
622;05/03/2025 8:49;user04;PC-014;Logon;;;;
623;05/03/2025 17:15;user03;PC-013;Logoff;;;;
624;05/03/2025 8:47;user03;PC-013;Logon;;;;
625;05/03/2025 17:34;user02;PC-012;Logoff;;;;
626;05/03/2025 9:01;user02;PC-012;Logon;;;;
627;05/03/2025 17:21;user01;PC-011;Logoff;;;;
628;05/03/2025 8:35;user01;PC-011;Logon;;;;
629;05/03/2025 17:31;jack;PC-010;Logoff;;;;
630;05/03/2025 8:50;jack;PC-010;Logon;;;;
631;05/03/2025 17:05;ian;PC-009;Logoff;;;;
632;05/03/2025 9:12;ian;PC-009;Logon;;;;
633;05/03/2025 17:20;hannah;PC-008;Logoff;;;;
634;05/03/2025 8:43;hannah;PC-008;Logon;;;;
635;05/03/2025 17:09;grace;PC-007;Logoff;;;;
636;05/03/2025 8:32;grace;PC-007;Logon;;;;
637;05/03/2025 17:12;frank;PC-006;Logoff;;;;
638;05/03/2025 9:16;frank;PC-006;Logon;;;;
639;05/03/2025 17:23;eva;PC-005;Logoff;;;;
640;05/03/2025 9:04;eva;PC-005;Logon;;;;
641;05/03/2025 17:30;david;PC-004;Logoff;;;;
642;05/03/2025 9:00;david;PC-004;Logon;;;;
643;05/03/2025 17:32;root2;PC-003;Logoff;;;;
644;05/03/2025 9:25;root2;PC-003;Logon;;;;
645;05/03/2025 17:24;root1;PC-002;Logoff;;;;
646;05/03/2025 9:02;root1;PC-002;Logon;;;;
647;05/03/2025 17:21;joe;PC-001;Logoff;;;;
648;05/03/2025 8:31;joe;PC-001;Logon;;;;
649;05/03/2025 21:42;hannah;PC-008;Logoff;;;;
650;05/03/2025 20:56;hannah;PC-008;Logon;;;;m
651;06/03/2025 17:40;user30;PC-040;Logoff;;;;
652;06/03/2025 9:19;user30;PC-040;Logon;;;;
653;06/03/2025 17:25;user29;PC-039;Logoff;;;;
654;06/03/2025 8:55;user29;PC-039;Logon;;;;
655;06/03/2025 17:10;user28;PC-038;Logoff;;;;
656;06/03/2025 8:41;user28;PC-038;Logon;;;;
657;06/03/2025 17:35;user27;PC-037;Logoff;;;;
658;06/03/2025 9:00;user27;PC-037;Logon;;;;
659;06/03/2025 17:38;user26;PC-036;Logoff;;;;
660;06/03/2025 8:55;user26;PC-036;Logon;;;;
661;06/03/2025 17:40;user25;PC-035;Logoff;;;;
662;06/03/2025 9:05;user25;PC-035;Logon;;;;
663;06/03/2025 17:24;user24;PC-034;Logoff;;;;
664;06/03/2025 8:55;user24;PC-034;Logon;;;;
665;06/03/2025 17:45;user23;PC-033;Logoff;;;;
666;06/03/2025 9:16;user23;PC-033;Logon;;;;
667;06/03/2025 17:15;user22;PC-032;Logoff;;;;
668;06/03/2025 8:45;user22;PC-032;Logon;;;;
669;06/03/2025 17:23;user21;PC-031;Logoff;;;;
670;06/03/2025 9:07;user21;PC-031;Logon;;;;
671;06/03/2025 17:20;user20;PC-030;Logoff;;;;
672;06/03/2025 8:50;user20;PC-030;Logon;;;;
673;06/03/2025 17:40;user19;PC-029;Logoff;;;;
674;06/03/2025 9:05;user19;PC-029;Logon;;;;
675;06/03/2025 17:33;user18;PC-028;Logoff;;;;
676;06/03/2025 8:55;user18;PC-028;Logon;;;;
677;06/03/2025 17:10;user17;PC-027;Logoff;;;;
678;06/03/2025 8:56;user17;PC-027;Logon;;;;
679;06/03/2025 17:31;user16;PC-026;Logoff;;;;
680;06/03/2025 9:00;user16;PC-026;Logon;;;;
681;06/03/2025 17:30;user15;PC-025;Logoff;;;;
682;06/03/2025 8:50;user15;PC-025;Logon;;;;
683;06/03/2025 17:45;user14;PC-024;Logoff;;;;
684;06/03/2025 9:17;user14;PC-024;Logon;;;;
685;06/03/2025 17:25;user13;PC-023;Logoff;;;;
686;06/03/2025 8:45;user13;PC-023;Logon;;;;
687;06/03/2025 17:41;user12;PC-022;Logoff;;;;
688;06/03/2025 9:05;user12;PC-022;Logon;;;;
689;06/03/2025 17:14;user11;PC-021;Logoff;;;;
690;06/03/2025 8:35;user11;PC-021;Logon;;;;
691;06/03/2025 17:35;user10;PC-020;Logoff;;;;
692;06/03/2025 9:27;user10;PC-020;Logon;;;;
693;06/03/2025 17:39;user09;PC-019;Logoff;;;;
694;06/03/2025 8:59;user09;PC-019;Logon;;;;
695;06/03/2025 17:19;user08;PC-018;Logoff;;;;
696;06/03/2025 8:38;user08;PC-018;Logon;;;;
697;06/03/2025 17:45;user07;PC-017;Logoff;;;;
698;06/03/2025 9:11;user07;PC-017;Logon;;;;
699;06/03/2025 17:25;user06;PC-016;Logoff;;;;
700;06/03/2025 8:55;user06;PC-016;Logon;;;;
701;06/03/2025 17:13;user05;PC-015;Logoff;;;;
702;06/03/2025 9:06;user05;PC-015;Logon;;;;
703;06/03/2025 17:32;user04;PC-014;Logoff;;;;
704;06/03/2025 8:49;user04;PC-014;Logon;;;;
705;06/03/2025 17:15;user03;PC-013;Logoff;;;;
706;06/03/2025 8:42;user03;PC-013;Logon;;;;
707;06/03/2025 17:34;user02;PC-012;Logoff;;;;
708;06/03/2025 9:01;user02;PC-012;Logon;;;;
709;06/03/2025 17:21;user01;PC-011;Logoff;;;;
710;06/03/2025 8:35;user01;PC-011;Logon;;;;
711;06/03/2025 17:31;jack;PC-010;Logoff;;;;
712;06/03/2025 8:50;jack;PC-010;Logon;;;;
713;06/03/2025 17:05;ian;PC-009;Logoff;;;;
714;06/03/2025 9:12;ian;PC-009;Logon;;;;
715;06/03/2025 17:20;hannah;PC-008;Logoff;;;;
716;06/03/2025 8:46;hannah;PC-008;Logon;;;;
717;06/03/2025 17:09;grace;PC-007;Logoff;;;;
718;06/03/2025 8:32;grace;PC-007;Logon;;;;
719;06/03/2025 17:12;frank;PC-006;Logoff;;;;
720;06/03/2025 9:16;frank;PC-006;Logon;;;;
721;06/03/2025 17:23;eva;PC-005;Logoff;;;;
722;06/03/2025 9:04;eva;PC-005;Logon;;;;
723;06/03/2025 17:30;david;PC-004;Logoff;;;;
724;06/03/2025 9:00;david;PC-004;Logon;;;;
725;06/03/2025 17:32;root2;PC-003;Logoff;;;;
726;06/03/2025 9:25;root2;PC-003;Logon;;;;
727;06/03/2025 17:24;root1;PC-002;Logoff;;;;
728;06/03/2025 9:02;root1;PC-002;Logon;;;;
729;06/03/2025 17:21;joe;PC-001;Logoff;;;;
730;06/03/2025 8:31;joe;PC-001;Logon;;;;
731;06/03/2025 2:30;user05;PC-015;Logoff;;;;
732;06/03/2025 1:26;user05;PC-015;Logon;;;;m
733;07/03/2025 17:40;user30;PC-040;Logoff;;;;
734;07/03/2025 9:19;user30;PC-040;Logon;;;;
735;07/03/2025 17:25;user29;PC-039;Logoff;;;;
736;07/03/2025 8:55;user29;PC-039;Logon;;;;
737;07/03/2025 17:10;user28;PC-038;Logoff;;;;
738;07/03/2025 8:41;user28;PC-038;Logon;;;;
739;07/03/2025 17:35;user27;PC-037;Logoff;;;;
740;07/03/2025 9:00;user27;PC-037;Logon;;;;
741;07/03/2025 17:38;user26;PC-036;Logoff;;;;
742;07/03/2025 8:55;user26;PC-036;Logon;;;;
743;07/03/2025 17:40;user25;PC-035;Logoff;;;;
744;07/03/2025 9:05;user25;PC-035;Logon;;;;
745;07/03/2025 17:24;user24;PC-034;Logoff;;;;
746;07/03/2025 8:55;user24;PC-034;Logon;;;;
747;07/03/2025 17:45;user23;PC-033;Logoff;;;;
748;07/03/2025 9:16;user23;PC-033;Logon;;;;
749;07/03/2025 17:15;user22;PC-032;Logoff;;;;
750;07/03/2025 8:45;user22;PC-032;Logon;;;;
751;07/03/2025 17:23;user21;PC-031;Logoff;;;;
752;07/03/2025 9:07;user21;PC-031;Logon;;;;
753;07/03/2025 17:20;user20;PC-030;Logoff;;;;
754;07/03/2025 8:50;user20;PC-030;Logon;;;;
755;07/03/2025 17:40;user19;PC-029;Logoff;;;;
756;07/03/2025 9:05;user19;PC-029;Logon;;;;
757;07/03/2025 17:33;user18;PC-028;Logoff;;;;
758;07/03/2025 8:55;user18;PC-028;Logon;;;;
759;07/03/2025 17:10;user17;PC-027;Logoff;;;;
760;07/03/2025 8:56;user17;PC-027;Logon;;;;
761;07/03/2025 17:31;user16;PC-026;Logoff;;;;
762;07/03/2025 9:00;user16;PC-026;Logon;;;;
763;07/03/2025 17:30;user15;PC-025;Logoff;;;;
764;07/03/2025 8:50;user15;PC-025;Logon;;;;
765;07/03/2025 17:45;user14;PC-024;Logoff;;;;
766;07/03/2025 9:17;user14;PC-024;Logon;;;;
767;07/03/2025 17:25;user13;PC-023;Logoff;;;;
768;07/03/2025 8:45;user13;PC-023;Logon;;;;
769;07/03/2025 17:41;user12;PC-022;Logoff;;;;
770;07/03/2025 9:05;user12;PC-022;Logon;;;;
771;07/03/2025 17:14;user11;PC-021;Logoff;;;;
772;07/03/2025 8:35;user11;PC-021;Logon;;;;
773;07/03/2025 17:35;user10;PC-020;Logoff;;;;
774;07/03/2025 9:27;user10;PC-020;Logon;;;;
775;07/03/2025 17:39;user09;PC-019;Logoff;;;;
776;07/03/2025 8:59;user09;PC-019;Logon;;;;
777;07/03/2025 17:19;user08;PC-018;Logoff;;;;
778;07/03/2025 8:38;user08;PC-018;Logon;;;;
779;07/03/2025 17:45;user07;PC-017;Logoff;;;;
780;07/03/2025 9:11;user07;PC-017;Logon;;;;
781;07/03/2025 17:25;user06;PC-016;Logoff;;;;
782;07/03/2025 8:55;user06;PC-016;Logon;;;;
783;07/03/2025 17:13;user05;PC-015;Logoff;;;;
784;07/03/2025 9:06;user05;PC-015;Logon;;;;
785;07/03/2025 17:32;user04;PC-014;Logoff;;;;
786;07/03/2025 8:49;user04;PC-014;Logon;;;;
787;07/03/2025 17:15;user03;PC-013;Logoff;;;;
788;07/03/2025 8:42;user03;PC-013;Logon;;;;
789;07/03/2025 17:34;user02;PC-012;Logoff;;;;
790;07/03/2025 9:01;user02;PC-012;Logon;;;;
791;07/03/2025 17:21;user01;PC-011;Logoff;;;;
792;07/03/2025 8:35;user01;PC-011;Logon;;;;
793;07/03/2025 17:31;jack;PC-010;Logoff;;;;
794;07/03/2025 8:50;jack;PC-010;Logon;;;;
795;07/03/2025 17:05;ian;PC-009;Logoff;;;;
796;07/03/2025 9:12;ian;PC-009;Logon;;;;
797;07/03/2025 17:20;hannah;PC-008;Logoff;;;;
798;07/03/2025 8:46;hannah;PC-008;Logon;;;;
799;07/03/2025 17:12;grace;PC-007;Logoff;;;;
800;07/03/2025 8:32;grace;PC-007;Logon;;;;
801;07/03/2025 17:12;frank;PC-006;Logoff;;;;
802;07/03/2025 9:16;frank;PC-006;Logon;;;;
803;07/03/2025 17:23;eva;PC-005;Logoff;;;;
804;07/03/2025 9:04;eva;PC-005;Logon;;;;
805;07/03/2025 17:30;david;PC-004;Logoff;;;;
806;07/03/2025 9:00;david;PC-004;Logon;;;;
807;07/03/2025 17:32;root2;PC-003;Logoff;;;;
808;07/03/2025 9:25;root2;PC-003;Logon;;;;
809;07/03/2025 17:24;root1;PC-002;Logoff;;;;
810;07/03/2025 9:02;root1;PC-002;Logon;;;;
811;07/03/2025 17:25;joe;PC-001;Logoff;;;;
812;07/03/2025 8:31;joe;PC-001;Logon;;;;
813;07/03/2025 1:42;user10 ;PC-020;Logoff;;;;
814;07/03/2025 0:15;user10 ;PC-020 ;Logon;;;;m
815;08/03/2025 17:40;user30;PC-040;Logoff;;;;
816;08/03/2025 9:19;user30;PC-040;Logon;;;;
817;08/03/2025 17:25;user29;PC-039;Logoff;;;;
818;08/03/2025 8:55;user29;PC-039;Logon;;;;
819;08/03/2025 17:10;user28;PC-038;Logoff;;;;
820;08/03/2025 8:41;user28;PC-038;Logon;;;;
821;08/03/2025 17:35;user27;PC-037;Logoff;;;;
822;08/03/2025 9:00;user27;PC-037;Logon;;;;
823;08/03/2025 17:38;user26;PC-036;Logoff;;;;
824;08/03/2025 8:55;user26;PC-036;Logon;;;;
825;08/03/2025 17:40;user25;PC-035;Logoff;;;;
826;08/03/2025 9:05;user25;PC-035;Logon;;;;
827;08/03/2025 17:24;user24;PC-034;Logoff;;;;
828;08/03/2025 8:55;user24;PC-034;Logon;;;;
829;08/03/2025 17:45;user23;PC-033;Logoff;;;;
830;08/03/2025 9:16;user23;PC-033;Logon;;;;
831;08/03/2025 17:15;user22;PC-032;Logoff;;;;
832;08/03/2025 8:45;user22;PC-032;Logon;;;;
833;08/03/2025 17:23;user21;PC-031;Logoff;;;;
834;08/03/2025 9:07;user21;PC-031;Logon;;;;
835;08/03/2025 17:20;user20;PC-030;Logoff;;;;
836;08/03/2025 8:50;user20;PC-030;Logon;;;;
837;08/03/2025 17:40;user19;PC-029;Logoff;;;;
838;08/03/2025 9:05;user19;PC-029;Logon;;;;
839;08/03/2025 17:33;user18;PC-028;Logoff;;;;
840;08/03/2025 8:54;user18;PC-028;Logon;;;;
841;08/03/2025 17:10;user17;PC-027;Logoff;;;;
842;08/03/2025 8:56;user17;PC-027;Logon;;;;
843;08/03/2025 17:31;user16;PC-026;Logoff;;;;
844;08/03/2025 9:00;user16;PC-026;Logon;;;;
845;08/03/2025 17:30;user15;PC-025;Logoff;;;;
846;08/03/2025 8:50;user15;PC-025;Logon;;;;
847;08/03/2025 17:45;user14;PC-024;Logoff;;;;
848;08/03/2025 9:17;user14;PC-024;Logon;;;;
849;08/03/2025 17:25;user13;PC-023;Logoff;;;;
850;08/03/2025 8:45;user13;PC-023;Logon;;;;
851;08/03/2025 17:41;user12;PC-022;Logoff;;;;
852;08/03/2025 9:05;user12;PC-022;Logon;;;;
853;08/03/2025 17:17;user11;PC-021;Logoff;;;;
854;08/03/2025 8:35;user11;PC-021;Logon;;;;
855;08/03/2025 17:35;user10;PC-020;Logoff;;;;
856;08/03/2025 9:27;user10;PC-020;Logon;;;;
857;08/03/2025 17:39;user09;PC-019;Logoff;;;;
858;08/03/2025 8:59;user09;PC-019;Logon;;;;
859;08/03/2025 17:19;user08;PC-018;Logoff;;;;
860;08/03/2025 8:49;user08;PC-018;Logon;;;;
861;08/03/2025 17:45;user07;PC-017;Logoff;;;;
862;08/03/2025 9:11;user07;PC-017;Logon;;;;
863;08/03/2025 17:25;user06;PC-016;Logoff;;;;
864;08/03/2025 8:55;user06;PC-016;Logon;;;;
865;08/03/2025 17:13;user05;PC-015;Logoff;;;;
866;08/03/2025 9:06;user05;PC-015;Logon;;;;
867;08/03/2025 17:32;user04;PC-014;Logoff;;;;
868;08/03/2025 8:49;user04;PC-014;Logon;;;;
869;08/03/2025 17:15;user03;PC-013;Logoff;;;;
870;08/03/2025 8:42;user03;PC-013;Logon;;;;
871;08/03/2025 17:34;user02;PC-012;Logoff;;;;
872;08/03/2025 9:01;user02;PC-012;Logon;;;;
873;08/03/2025 17:21;user01;PC-011;Logoff;;;;
874;08/03/2025 8:35;user01;PC-011;Logon;;;;
875;08/03/2025 17:31;jack;PC-010;Logoff;;;;
876;08/03/2025 8:50;jack;PC-010;Logon;;;;
877;08/03/2025 17:05;ian;PC-009;Logoff;;;;
878;08/03/2025 9:12;ian;PC-009;Logon;;;;
879;08/03/2025 17:20;hannah;PC-008;Logoff;;;;
880;08/03/2025 8:46;hannah;PC-008;Logon;;;;
881;08/03/2025 17:09;grace;PC-007;Logoff;;;;
882;08/03/2025 8:32;grace;PC-007;Logon;;;;
883;08/03/2025 17:12;frank;PC-006;Logoff;;;;
884;08/03/2025 9:16;frank;PC-006;Logon;;;;
885;08/03/2025 17:23;eva;PC-005;Logoff;;;;
886;08/03/2025 9:04;eva;PC-005;Logon;;;;
887;08/03/2025 17:30;david;PC-004;Logoff;;;;
888;08/03/2025 9:00;david;PC-004;Logon;;;;
889;08/03/2025 17:32;root2;PC-003;Logoff;;;;
890;08/03/2025 9:25;root2;PC-003;Logon;;;;
891;08/03/2025 17:24;root1;PC-002;Logoff;;;;
892;08/03/2025 9:02;root1;PC-002;Logon;;;;
893;08/03/2025 17:21;joe;PC-001;Logoff;;;;
894;08/03/2025 8:31;joe;PC-001;Logon;;;;
895;08/03/2025 4:00;frank;PC-006;Logoff;;;;
896;08/03/2025 3:27;frank;PC-006;Logon;;;;m
897;10/03/2025 17:40;user30;PC-040;Logoff;;;;
898;10/03/2025 9:19;user30;PC-040;Logon;;;;
899;10/03/2025 17:25;user29;PC-039;Logoff;;;;
900;10/03/2025 8:55;user29;PC-039;Logon;;;;
901;10/03/2025 17:10;user28;PC-038;Logoff;;;;
902;10/03/2025 8:41;user28;PC-038;Logon;;;;
903;10/03/2025 17:35;user27;PC-037;Logoff;;;;
904;10/03/2025 9:00;user27;PC-037;Logon;;;;
905;10/03/2025 17:38;user26;PC-036;Logoff;;;;
906;10/03/2025 8:55;user26;PC-036;Logon;;;;
907;10/03/2025 17:40;user25;PC-035;Logoff;;;;
908;10/03/2025 9:05;user25;PC-035;Logon;;;;
909;10/03/2025 17:24;user24;PC-034;Logoff;;;;
910;10/03/2025 8:55;user24;PC-034;Logon;;;;
911;10/03/2025 17:45;user23;PC-033;Logoff;;;;
912;10/03/2025 9:16;user23;PC-033;Logon;;;;
913;10/03/2025 17:15;user22;PC-032;Logoff;;;;
914;10/03/2025 8:45;user22;PC-032;Logon;;;;
915;10/03/2025 17:23;user21;PC-031;Logoff;;;;
916;10/03/2025 9:07;user21;PC-031;Logon;;;;
917;10/03/2025 17:20;user20;PC-030;Logoff;;;;
918;10/03/2025 8:50;user20;PC-030;Logon;;;;
919;10/03/2025 17:40;user19;PC-029;Logoff;;;;
920;10/03/2025 9:05;user19;PC-029;Logon;;;;
921;10/03/2025 17:33;user18;PC-028;Logoff;;;;
922;10/03/2025 8:55;user18;PC-028;Logon;;;;
923;10/03/2025 17:10;user17;PC-027;Logoff;;;;
924;10/03/2025 8:56;user17;PC-027;Logon;;;;
925;10/03/2025 17:31;user16;PC-026;Logoff;;;;
926;10/03/2025 9:00;user16;PC-026;Logon;;;;
927;10/03/2025 17:30;user15;PC-025;Logoff;;;;
928;10/03/2025 8:50;user15;PC-025;Logon;;;;
929;10/03/2025 17:45;user14;PC-024;Logoff;;;;
930;10/03/2025 9:17;user14;PC-024;Logon;;;;
931;10/03/2025 17:25;user13;PC-023;Logoff;;;;
932;10/03/2025 8:45;user13;PC-023;Logon;;;;
933;10/03/2025 17:41;user12;PC-022;Logoff;;;;
934;10/03/2025 9:05;user12;PC-022;Logon;;;;
935;10/03/2025 17:14;user11;PC-021;Logoff;;;;
936;10/03/2025 8:35;user11;PC-021;Logon;;;;
937;10/03/2025 17:35;user10;PC-020;Logoff;;;;
938;10/03/2025 9:27;user10;PC-020;Logon;;;;
939;10/03/2025 17:39;user09;PC-019;Logoff;;;;
940;10/03/2025 8:59;user09;PC-019;Logon;;;;
941;10/03/2025 17:19;user08;PC-018;Logoff;;;;
942;10/03/2025 8:38;user08;PC-018;Logon;;;;
943;10/03/2025 17:45;user07;PC-017;Logoff;;;;
944;10/03/2025 9:11;user07;PC-017;Logon;;;;
945;10/03/2025 17:25;user06;PC-016;Logoff;;;;
946;10/03/2025 8:55;user06;PC-016;Logon;;;;
947;10/03/2025 17:13;user05;PC-015;Logoff;;;;
948;10/03/2025 9:06;user05;PC-015;Logon;;;;
949;10/03/2025 17:32;user04;PC-014;Logoff;;;;
950;10/03/2025 8:49;user04;PC-014;Logon;;;;
951;10/03/2025 17:15;user03;PC-013;Logoff;;;;
952;10/03/2025 8:42;user03;PC-013;Logon;;;;
953;10/03/2025 17:34;user02;PC-012;Logoff;;;;
954;10/03/2025 9:01;user02;PC-012;Logon;;;;
955;10/03/2025 17:21;user01;PC-011;Logoff;;;;
956;10/03/2025 8:35;user01;PC-011;Logon;;;;
957;10/03/2025 17:31;jack;PC-010;Logoff;;;;
958;10/03/2025 8:50;jack;PC-010;Logon;;;;
959;10/03/2025 17:05;ian;PC-009;Logoff;;;;
960;10/03/2025 9:12;ian;PC-009;Logon;;;;
961;10/03/2025 17:20;hannah;PC-008;Logoff;;;;
962;10/03/2025 8:46;hannah;PC-008;Logon;;;;
963;10/03/2025 17:09;grace;PC-007;Logoff;;;;
964;10/03/2025 8:32;grace;PC-007;Logon;;;;
965;10/03/2025 17:12;frank;PC-006;Logoff;;;;
966;10/03/2025 9:16;frank;PC-006;Logon;;;;
967;10/03/2025 17:23;eva;PC-005;Logoff;;;;
968;10/03/2025 9:04;eva;PC-005;Logon;;;;
969;10/03/2025 17:30;david;PC-004;Logoff;;;;
970;10/03/2025 9:00;david;PC-004;Logon;;;;
971;10/03/2025 17:32;root2;PC-003;Logoff;;;;
972;10/03/2025 9:25;root2;PC-003;Logon;;;;
973;10/03/2025 17:24;root1;PC-002;Logoff;;;;
974;10/03/2025 9:02;root1;PC-002;Logon;;;;
975;10/03/2025 17:21;joe;PC-001;Logoff;;;;
976;10/03/2025 8:31;joe;PC-001;Logon;;;;
977;10/03/2025 4:23;user06;PC-016;Logoff;;;;
978;10/03/2025 2:48;user06;PC-016;Logon;;;;m
979;11/03/2025 17:40;user30;PC-040;Logoff;;;;
980;11/03/2025 9:19;user30;PC-040;Logon;;;;
981;11/03/2025 17:25;user29;PC-039;Logoff;;;;
982;11/03/2025 8:55;user29;PC-039;Logon;;;;
983;11/03/2025 17:10;user28;PC-038;Logoff;;;;
984;11/03/2025 8:41;user28;PC-038;Logon;;;;
985;11/03/2025 17:35;user27;PC-037;Logoff;;;;
986;11/03/2025 9:00;user27;PC-037;Logon;;;;
987;11/03/2025 17:38;user26;PC-036;Logoff;;;;
988;11/03/2025 8:55;user26;PC-036;Logon;;;;
989;11/03/2025 17:40;user25;PC-035;Logoff;;;;
990;11/03/2025 9:05;user25;PC-035;Logon;;;;
991;11/03/2025 17:24;user24;PC-034;Logoff;;;;
992;11/03/2025 8:55;user24;PC-034;Logon;;;;
993;11/03/2025 17:45;user23;PC-033;Logoff;;;;
994;11/03/2025 9:16;user23;PC-033;Logon;;;;
995;11/03/2025 17:15;user22;PC-032;Logoff;;;;
996;11/03/2025 8:45;user22;PC-032;Logon;;;;
997;11/03/2025 17:23;user21;PC-031;Logoff;;;;
998;11/03/2025 9:07;user21;PC-031;Logon;;;;
999;11/03/2025 17:20;user20;PC-030;Logoff;;;;
1000;11/03/2025 8:50;user20;PC-030;Logon;;;;
1001;11/03/2025 17:40;user19;PC-029;Logoff;;;;
1002;11/03/2025 9:05;user19;PC-029;Logon;;;;
1003;11/03/2025 17:33;user18;PC-028;Logoff;;;;
1004;11/03/2025 8:55;user18;PC-028;Logon;;;;
1005;11/03/2025 17:10;user17;PC-027;Logoff;;;;
1006;11/03/2025 8:56;user17;PC-027;Logon;;;;
1007;11/03/2025 17:31;user16;PC-026;Logoff;;;;
1008;11/03/2025 9:00;user16;PC-026;Logon;;;;
1009;11/03/2025 17:30;user15;PC-025;Logoff;;;;
1010;11/03/2025 8:50;user15;PC-025;Logon;;;;
1011;11/03/2025 17:45;user14;PC-024;Logoff;;;;
1012;11/03/2025 9:17;user14;PC-024;Logon;;;;
1013;11/03/2025 17:25;user13;PC-023;Logoff;;;;
1014;11/03/2025 8:45;user13;PC-023;Logon;;;;
1015;11/03/2025 17:41;user12;PC-022;Logoff;;;;
1016;11/03/2025 9:05;user12;PC-022;Logon;;;;
1017;11/03/2025 17:14;user11;PC-021;Logoff;;;;
1018;11/03/2025 8:35;user11;PC-021;Logon;;;;
1019;11/03/2025 17:35;user10;PC-020;Logoff;;;;
1020;11/03/2025 9:27;user10;PC-020;Logon;;;;
1021;11/03/2025 17:39;user09;PC-019;Logoff;;;;
1022;11/03/2025 8:59;user09;PC-019;Logon;;;;
1023;11/03/2025 17:19;user08;PC-018;Logoff;;;;
1024;11/03/2025 8:38;user08;PC-018;Logon;;;;
1025;11/03/2025 17:45;user07;PC-017;Logoff;;;;
1026;11/03/2025 9:11;user07;PC-017;Logon;;;;
1027;11/03/2025 17:25;user06;PC-016;Logoff;;;;
1028;11/03/2025 8:55;user06;PC-016;Logon;;;;
1029;11/03/2025 17:13;user05;PC-015;Logoff;;;;
1030;11/03/2025 9:06;user05;PC-015;Logon;;;;
1031;11/03/2025 17:32;user04;PC-014;Logoff;;;;
1032;11/03/2025 8:49;user04;PC-014;Logon;;;;
1033;11/03/2025 17:15;user03;PC-013;Logoff;;;;
1034;11/03/2025 8:42;user03;PC-013;Logon;;;;
1035;11/03/2025 17:34;user02;PC-012;Logoff;;;;
1036;11/03/2025 9:01;user02;PC-012;Logon;;;;
1037;11/03/2025 17:21;user01;PC-011;Logoff;;;;
1038;11/03/2025 8:35;user01;PC-011;Logon;;;;
1039;11/03/2025 17:31;jack;PC-010;Logoff;;;;
1040;11/03/2025 8:50;jack;PC-010;Logon;;;;
1041;11/03/2025 17:05;ian;PC-009;Logoff;;;;
1042;11/03/2025 9:12;ian;PC-009;Logon;;;;
1043;11/03/2025 17:20;hannah;PC-008;Logoff;;;;
1044;11/03/2025 8:46;hannah;PC-008;Logon;;;;
1045;11/03/2025 17:09;grace;PC-007;Logoff;;;;
1046;11/03/2025 8:32;grace;PC-007;Logon;;;;
1047;11/03/2025 17:12;frank;PC-006;Logoff;;;;
1048;11/03/2025 9:16;frank;PC-006;Logon;;;;
1049;11/03/2025 17:23;eva;PC-005;Logoff;;;;
1050;11/03/2025 9:04;eva;PC-005;Logon;;;;
1051;11/03/2025 17:30;david;PC-004;Logoff;;;;
1052;11/03/2025 9:00;david;PC-004;Logon;;;;
1053;11/03/2025 17:32;root2;PC-003;Logoff;;;;
1054;11/03/2025 9:25;root2;PC-003;Logon;;;;
1055;11/03/2025 17:24;root1;PC-002;Logoff;;;;
1056;11/03/2025 9:02;root1;PC-002;Logon;;;;
1057;11/03/2025 17:21;joe;PC-001;Logoff;;;;
1058;11/03/2025 8:31;joe;PC-001;Logon;;;;
1059;11/03/2025 1:00;user07;PC-017;Logoff;;;;
1060;11/03/2025 0:03;user07;PC-017;Logon;;;;m
1061;12/03/2025 17:32;user30;PC-040;Logoff;;;;
1062;12/03/2025 9:16;user30;PC-040;Logon;;;;
1063;12/03/2025 17:25;user29;PC-039;Logoff;;;;
1064;12/03/2025 8:55;user29;PC-039;Logon;;;;
1065;12/03/2025 17:15;user28;PC-038;Logoff;;;;
1066;12/03/2025 8:41;user28;PC-038;Logon;;;;
1067;12/03/2025 17:35;user27;PC-037;Logoff;;;;
1068;12/03/2025 9:00;user27;PC-037;Logon;;;;
1069;12/03/2025 17:38;user26;PC-036;Logoff;;;;
1070;12/03/2025 8:55;user26;PC-036;Logon;;;;
1071;12/03/2025 17:40;user25;PC-035;Logoff;;;;
1072;12/03/2025 9:05;user25;PC-035;Logon;;;;
1073;12/03/2025 17:24;user24;PC-034;Logoff;;;;
1074;12/03/2025 8:55;user24;PC-034;Logon;;;;
1075;12/03/2025 17:45;user23;PC-033;Logoff;;;;
1076;12/03/2025 9:12;user23;PC-033;Logon;;;;
1077;12/03/2025 17:15;user22;PC-032;Logoff;;;;
1078;12/03/2025 8:45;user22;PC-032;Logon;;;;
1079;12/03/2025 17:23;user21;PC-031;Logoff;;;;
1080;12/03/2025 9:07;user21;PC-031;Logon;;;;
1081;12/03/2025 17:20;user20;PC-030;Logoff;;;;
1082;12/03/2025 8:50;user20;PC-030;Logon;;;;
1083;12/03/2025 17:40;user19;PC-029;Logoff;;;;
1084;12/03/2025 9:08;user19;PC-029;Logon;;;;
1085;12/03/2025 17:33;user18;PC-028;Logoff;;;;
1086;12/03/2025 8:55;user18;PC-028;Logon;;;;
1087;12/03/2025 17:10;user17;PC-027;Logoff;;;;
1088;12/03/2025 8:56;user17;PC-027;Logon;;;;
1089;12/03/2025 17:31;user16;PC-026;Logoff;;;;
1090;12/03/2025 9:00;user16;PC-026;Logon;;;;
1091;12/03/2025 17:30;user15;PC-025;Logoff;;;;
1092;12/03/2025 8:50;user15;PC-025;Logon;;;;
1093;12/03/2025 17:45;user14;PC-024;Logoff;;;;
1094;12/03/2025 9:17;user14;PC-024;Logon;;;;
1095;12/03/2025 17:25;user13;PC-023;Logoff;;;;
1096;12/03/2025 8:35;user13;PC-023;Logon;;;;
1097;12/03/2025 17:41;user12;PC-022;Logoff;;;;
1098;12/03/2025 9:05;user12;PC-022;Logon;;;;
1099;12/03/2025 17:14;user11;PC-021;Logoff;;;;
1100;12/03/2025 8:35;user11;PC-021;Logon;;;;
1101;12/03/2025 17:35;user10;PC-020;Logoff;;;;
1102;12/03/2025 9:27;user10;PC-020;Logon;;;;
1103;12/03/2025 17:39;user09;PC-019;Logoff;;;;
1104;12/03/2025 8:59;user09;PC-019;Logon;;;;
1105;12/03/2025 17:19;user08;PC-018;Logoff;;;;
1106;12/03/2025 8:38;user08;PC-018;Logon;;;;
1107;12/03/2025 17:45;user07;PC-017;Logoff;;;;
1108;12/03/2025 9:11;user07;PC-017;Logon;;;;
1109;12/03/2025 17:25;user06;PC-016;Logoff;;;;
1110;12/03/2025 8:55;user06;PC-016;Logon;;;;
1111;12/03/2025 17:13;user05;PC-015;Logoff;;;;
1112;12/03/2025 9:06;user05;PC-015;Logon;;;;
1113;12/03/2025 17:36;user04;PC-014;Logoff;;;;
1114;12/03/2025 8:49;user04;PC-014;Logon;;;;
1115;12/03/2025 17:15;user03;PC-013;Logoff;;;;
1116;12/03/2025 8:42;user03;PC-013;Logon;;;;
1117;12/03/2025 17:34;user02;PC-012;Logoff;;;;
1118;12/03/2025 9:01;user02;PC-012;Logon;;;;
1119;12/03/2025 17:21;user01;PC-011;Logoff;;;;
1120;12/03/2025 8:35;user01;PC-011;Logon;;;;
1121;12/03/2025 17:31;jack;PC-010;Logoff;;;;
1122;12/03/2025 8:50;jack;PC-010;Logon;;;;
1123;12/03/2025 17:05;ian;PC-009;Logoff;;;;
1124;12/03/2025 9:12;ian;PC-009;Logon;;;;
1125;12/03/2025 17:20;hannah;PC-008;Logoff;;;;
1126;12/03/2025 8:46;hannah;PC-008;Logon;;;;
1127;12/03/2025 17:09;grace;PC-007;Logoff;;;;
1128;12/03/2025 8:32;grace;PC-007;Logon;;;;
1129;12/03/2025 17:12;frank;PC-006;Logoff;;;;
1130;12/03/2025 9:16;frank;PC-006;Logon;;;;
1131;12/03/2025 17:23;eva;PC-005;Logoff;;;;
1132;12/03/2025 9:04;eva;PC-005;Logon;;;;
1133;12/03/2025 17:30;david;PC-004;Logoff;;;;
1134;12/03/2025 9:00;david;PC-004;Logon;;;;
1135;12/03/2025 17:32;root2;PC-003;Logoff;;;;
1136;12/03/2025 9:25;root2;PC-003;Logon;;;;
1137;12/03/2025 17:24;root1;PC-002;Logoff;;;;
1138;12/03/2025 9:02;root1;PC-002;Logon;;;;
1139;12/03/2025 17:21;joe;PC-001;Logoff;;;;
1140;12/03/2025 8:31;joe;PC-001;Logon;;;;
1141;13/03/2025 17:40;user30;PC-040;Logoff;;;;
1142;13/03/2025 9:19;user30;PC-040;Logon;;;;
1143;13/03/2025 17:25;user29;PC-039;Logoff;;;;
1144;13/03/2025 8:55;user29;PC-039;Logon;;;;
1145;13/03/2025 17:10;user28;PC-038;Logoff;;;;
1146;13/03/2025 8:41;user28;PC-038;Logon;;;;
1147;13/03/2025 17:35;user27;PC-037;Logoff;;;;
1148;13/03/2025 9:00;user27;PC-037;Logon;;;;
1149;13/03/2025 17:38;user26;PC-036;Logoff;;;;
1150;13/03/2025 8:55;user26;PC-036;Logon;;;;
1151;13/03/2025 17:40;user25;PC-035;Logoff;;;;
1152;13/03/2025 9:05;user25;PC-035;Logon;;;;
1153;13/03/2025 17:24;user24;PC-034;Logoff;;;;
1154;13/03/2025 8:55;user24;PC-034;Logon;;;;
1155;13/03/2025 17:45;user23;PC-033;Logoff;;;;
1156;13/03/2025 9:11;user23;PC-033;Logon;;;;
1157;13/03/2025 17:15;user22;PC-032;Logoff;;;;
1158;13/03/2025 8:45;user22;PC-032;Logon;;;;
1159;13/03/2025 17:23;user21;PC-031;Logoff;;;;
1160;13/03/2025 9:07;user21;PC-031;Logon;;;;
1161;13/03/2025 17:20;user20;PC-030;Logoff;;;;
1162;13/03/2025 8:50;user20;PC-030;Logon;;;;
1163;13/03/2025 17:40;user19;PC-029;Logoff;;;;
1164;13/03/2025 9:05;user19;PC-029;Logon;;;;
1165;13/03/2025 17:33;user18;PC-028;Logoff;;;;
1166;13/03/2025 8:55;user18;PC-028;Logon;;;;
1167;13/03/2025 17:10;user17;PC-027;Logoff;;;;
1168;13/03/2025 8:56;user17;PC-027;Logon;;;;
1169;13/03/2025 17:33;user16;PC-026;Logoff;;;;
1170;13/03/2025 9:00;user16;PC-026;Logon;;;;
1171;13/03/2025 17:30;user15;PC-025;Logoff;;;;
1172;13/03/2025 8:50;user15;PC-025;Logon;;;;
1173;13/03/2025 17:45;user14;PC-024;Logoff;;;;
1174;13/03/2025 9:17;user14;PC-024;Logon;;;;
1175;13/03/2025 17:25;user13;PC-023;Logoff;;;;
1176;13/03/2025 8:45;user13;PC-023;Logon;;;;
1177;13/03/2025 17:41;user12;PC-022;Logoff;;;;
1178;13/03/2025 9:05;user12;PC-022;Logon;;;;
1179;13/03/2025 17:14;user11;PC-021;Logoff;;;;
1180;13/03/2025 8:35;user11;PC-021;Logon;;;;
1181;13/03/2025 17:35;user10;PC-020;Logoff;;;;
1182;13/03/2025 9:27;user10;PC-020;Logon;;;;
1183;13/03/2025 17:39;user09;PC-019;Logoff;;;;
1184;13/03/2025 8:59;user09;PC-019;Logon;;;;
1185;13/03/2025 17:19;user08;PC-018;Logoff;;;;
1186;13/03/2025 8:38;user08;PC-018;Logon;;;;
1187;13/03/2025 17:45;user07;PC-017;Logoff;;;;
1188;13/03/2025 9:11;user07;PC-017;Logon;;;;
1189;13/03/2025 17:25;user06;PC-016;Logoff;;;;
1190;13/03/2025 8:55;user06;PC-016;Logon;;;;
1191;13/03/2025 17:13;user05;PC-015;Logoff;;;;
1192;13/03/2025 9:06;user05;PC-015;Logon;;;;
1193;13/03/2025 17:32;user04;PC-014;Logoff;;;;
1194;13/03/2025 8:49;user04;PC-014;Logon;;;;
1195;13/03/2025 17:15;user03;PC-013;Logoff;;;;
1196;13/03/2025 8:42;user03;PC-013;Logon;;;;
1197;13/03/2025 17:34;user02;PC-012;Logoff;;;;
1198;13/03/2025 9:01;user02;PC-012;Logon;;;;
1199;13/03/2025 17:22;user01;PC-011;Logoff;;;;
1200;13/03/2025 8:35;user01;PC-011;Logon;;;;
1201;13/03/2025 17:31;jack;PC-010;Logoff;;;;
1202;13/03/2025 8:50;jack;PC-010;Logon;;;;
1203;13/03/2025 17:05;ian;PC-009;Logoff;;;;
1204;13/03/2025 9:12;ian;PC-009;Logon;;;;
1205;13/03/2025 17:20;hannah;PC-008;Logoff;;;;
1206;13/03/2025 8:46;hannah;PC-008;Logon;;;;
1207;13/03/2025 17:09;grace;PC-007;Logoff;;;;
1208;13/03/2025 8:32;grace;PC-007;Logon;;;;
1209;13/03/2025 17:12;frank;PC-006;Logoff;;;;
1210;13/03/2025 9:16;frank;PC-006;Logon;;;;
1211;13/03/2025 17:23;eva;PC-005;Logoff;;;;
1212;13/03/2025 9:04;eva;PC-005;Logon;;;;
1213;13/03/2025 17:30;david;PC-004;Logoff;;;;
1214;13/03/2025 9:00;david;PC-004;Logon;;;;
1215;13/03/2025 17:32;root2;PC-003;Logoff;;;;
1216;13/03/2025 9:25;root2;PC-003;Logon;;;;
1217;13/03/2025 17:24;root1;PC-002;Logoff;;;;
1218;13/03/2025 9:02;root1;PC-002;Logon;;;;
1219;13/03/2025 17:21;joe;PC-001;Logoff;;;;
1220;13/03/2025 8:31;joe;PC-001;Logon;;;;
1221;13/03/2025 3:27;user11;PC-021;Logoff;;;;
1222;13/03/2025 2:15;user11;PC-021;Logon;;;;m
1223;14/03/2025 17:40;user30;PC-040;Logoff;;;;
1224;14/03/2025 9:19;user30;PC-040;Logon;;;;
1225;14/03/2025 17:25;user29;PC-039;Logoff;;;;
1226;14/03/2025 8:55;user29;PC-039;Logon;;;;
1227;14/03/2025 17:10;user28;PC-038;Logoff;;;;
1228;14/03/2025 8:41;user28;PC-038;Logon;;;;
1229;14/03/2025 17:35;user27;PC-037;Logoff;;;;
1230;14/03/2025 9:00;user27;PC-037;Logon;;;;
1231;14/03/2025 17:38;user26;PC-036;Logoff;;;;
1232;14/03/2025 8:55;user26;PC-036;Logon;;;;
1233;14/03/2025 17:40;user25;PC-035;Logoff;;;;
1234;14/03/2025 9:05;user25;PC-035;Logon;;;;
1235;14/03/2025 17:24;user24;PC-034;Logoff;;;;
1236;14/03/2025 8:55;user24;PC-034;Logon;;;;
1237;14/03/2025 17:45;user23;PC-033;Logoff;;;;
1238;14/03/2025 9:16;user23;PC-033;Logon;;;;
1239;14/03/2025 17:15;user22;PC-032;Logoff;;;;
1240;14/03/2025 8:45;user22;PC-032;Logon;;;;
1241;14/03/2025 17:23;user21;PC-031;Logoff;;;;
1242;14/03/2025 9:07;user21;PC-031;Logon;;;;
1243;14/03/2025 17:20;user20;PC-030;Logoff;;;;
1244;14/03/2025 8:50;user20;PC-030;Logon;;;;
1245;14/03/2025 17:40;user19;PC-029;Logoff;;;;
1246;14/03/2025 9:05;user19;PC-029;Logon;;;;
1247;14/03/2025 17:33;user18;PC-028;Logoff;;;;
1248;14/03/2025 8:55;user18;PC-028;Logon;;;;
1249;14/03/2025 17:10;user17;PC-027;Logoff;;;;
1250;14/03/2025 8:56;user17;PC-027;Logon;;;;
1251;14/03/2025 17:31;user16;PC-026;Logoff;;;;
1252;14/03/2025 9:00;user16;PC-026;Logon;;;;
1253;14/03/2025 17:30;user15;PC-025;Logoff;;;;
1254;14/03/2025 8:50;user15;PC-025;Logon;;;;
1255;14/03/2025 17:45;user14;PC-024;Logoff;;;;
1256;14/03/2025 9:17;user14;PC-024;Logon;;;;
1257;14/03/2025 17:25;user13;PC-023;Logoff;;;;
1258;14/03/2025 8:45;user13;PC-023;Logon;;;;
1259;14/03/2025 17:41;user12;PC-022;Logoff;;;;
1260;14/03/2025 9:05;user12;PC-022;Logon;;;;
1261;14/03/2025 17:14;user11;PC-021;Logoff;;;;
1262;14/03/2025 8:35;user11;PC-021;Logon;;;;
1263;14/03/2025 17:35;user10;PC-020;Logoff;;;;
1264;14/03/2025 9:27;user10;PC-020;Logon;;;;
1265;14/03/2025 17:39;user09;PC-019;Logoff;;;;
1266;14/03/2025 8:59;user09;PC-019;Logon;;;;
1267;14/03/2025 17:19;user08;PC-018;Logoff;;;;
1268;14/03/2025 8:38;user08;PC-018;Logon;;;;
1269;14/03/2025 17:45;user07;PC-017;Logoff;;;;
1270;14/03/2025 9:11;user07;PC-017;Logon;;;;
1271;14/03/2025 17:25;user06;PC-016;Logoff;;;;
1272;14/03/2025 8:55;user06;PC-016;Logon;;;;
1273;14/03/2025 17:13;user05;PC-015;Logoff;;;;
1274;14/03/2025 9:06;user05;PC-015;Logon;;;;
1275;14/03/2025 17:32;user04;PC-014;Logoff;;;;
1276;14/03/2025 8:49;user04;PC-014;Logon;;;;
1277;14/03/2025 17:15;user03;PC-013;Logoff;;;;
1278;14/03/2025 8:42;user03;PC-013;Logon;;;;
1279;14/03/2025 17:34;user02;PC-012;Logoff;;;;
1280;14/03/2025 9:01;user02;PC-012;Logon;;;;
1281;14/03/2025 17:21;user01;PC-011;Logoff;;;;
1282;14/03/2025 8:35;user01;PC-011;Logon;;;;
1283;14/03/2025 17:31;jack;PC-010;Logoff;;;;
1284;14/03/2025 8:50;jack;PC-010;Logon;;;;
1285;14/03/2025 17:05;ian;PC-009;Logoff;;;;
1286;14/03/2025 9:12;ian;PC-009;Logon;;;;
1287;14/03/2025 17:20;hannah;PC-008;Logoff;;;;
1288;14/03/2025 8:46;hannah;PC-008;Logon;;;;
1289;14/03/2025 17:09;grace;PC-007;Logoff;;;;
1290;14/03/2025 8:32;grace;PC-007;Logon;;;;
1291;14/03/2025 17:12;frank;PC-006;Logoff;;;;
1292;14/03/2025 9:16;frank;PC-006;Logon;;;;
1293;14/03/2025 17:23;eva;PC-005;Logoff;;;;
1294;14/03/2025 9:04;eva;PC-005;Logon;;;;
1295;14/03/2025 17:30;david;PC-004;Logoff;;;;
1296;14/03/2025 9:00;david;PC-004;Logon;;;;
1297;14/03/2025 17:32;root2;PC-003;Logoff;;;;
1298;14/03/2025 9:25;root2;PC-003;Logon;;;;
1299;14/03/2025 17:24;root1;PC-002;Logoff;;;;
1300;14/03/2025 9:02;root1;PC-002;Logon;;;;
1301;14/03/2025 17:21;joe;PC-001;Logoff;;;;
1302;14/03/2025 8:31;joe;PC-001;Logon;;;;
1303;15/03/2025 17:40;user30;PC-040;Logoff;;;;
1304;15/03/2025 9:19;user30;PC-040;Logon;;;;
1305;15/03/2025 17:25;user29;PC-039;Logoff;;;;
1306;15/03/2025 8:55;user29;PC-039;Logon;;;;
1307;15/03/2025 17:10;user28;PC-038;Logoff;;;;
1308;15/03/2025 8:41;user28;PC-038;Logon;;;;
1309;15/03/2025 17:35;user27;PC-037;Logoff;;;;
1310;15/03/2025 9:00;user27;PC-037;Logon;;;;
1311;15/03/2025 17:38;user26;PC-036;Logoff;;;;
1312;15/03/2025 8:55;user26;PC-036;Logon;;;;
1313;15/03/2025 17:40;user25;PC-035;Logoff;;;;
1314;15/03/2025 9:05;user25;PC-035;Logon;;;;
1315;15/03/2025 17:24;user24;PC-034;Logoff;;;;
1316;15/03/2025 8:55;user24;PC-034;Logon;;;;
1317;15/03/2025 17:45;user23;PC-033;Logoff;;;;
1318;15/03/2025 9:16;user23;PC-033;Logon;;;;
1319;15/03/2025 17:15;user22;PC-032;Logoff;;;;
1320;15/03/2025 8:45;user22;PC-032;Logon;;;;
1321;15/03/2025 17:23;user21;PC-031;Logoff;;;;
1322;15/03/2025 9:07;user21;PC-031;Logon;;;;
1323;15/03/2025 17:20;user20;PC-030;Logoff;;;;
1324;15/03/2025 8:50;user20;PC-030;Logon;;;;
1325;15/03/2025 17:40;user19;PC-029;Logoff;;;;
1326;15/03/2025 9:05;user19;PC-029;Logon;;;;
1327;15/03/2025 17:33;user18;PC-028;Logoff;;;;
1328;15/03/2025 8:55;user18;PC-028;Logon;;;;
1329;15/03/2025 17:10;user17;PC-027;Logoff;;;;
1330;15/03/2025 8:56;user17;PC-027;Logon;;;;
1331;15/03/2025 17:31;user16;PC-026;Logoff;;;;
1332;15/03/2025 9:00;user16;PC-026;Logon;;;;
1333;15/03/2025 17:30;user15;PC-025;Logoff;;;;
1334;15/03/2025 8:50;user15;PC-025;Logon;;;;
1335;15/03/2025 17:45;user14;PC-024;Logoff;;;;
1336;15/03/2025 9:17;user14;PC-024;Logon;;;;
1337;15/03/2025 17:25;user13;PC-023;Logoff;;;;
1338;15/03/2025 8:45;user13;PC-023;Logon;;;;
1339;15/03/2025 17:41;user12;PC-022;Logoff;;;;
1340;15/03/2025 9:05;user12;PC-022;Logon;;;;
1341;15/03/2025 17:14;user11;PC-021;Logoff;;;;
1342;15/03/2025 8:35;user11;PC-021;Logon;;;;
1343;15/03/2025 17:35;user10;PC-020;Logoff;;;;
1344;15/03/2025 9:27;user10;PC-020;Logon;;;;
1345;15/03/2025 17:39;user09;PC-019;Logoff;;;;
1346;15/03/2025 8:59;user09;PC-019;Logon;;;;
1347;15/03/2025 17:19;user08;PC-018;Logoff;;;;
1348;15/03/2025 8:38;user08;PC-018;Logon;;;;
1349;15/03/2025 17:45;user07;PC-017;Logoff;;;;
1350;15/03/2025 9:11;user07;PC-017;Logon;;;;
1351;15/03/2025 17:25;user06;PC-016;Logoff;;;;
1352;15/03/2025 8:55;user06;PC-016;Logon;;;;
1353;15/03/2025 17:13;user05;PC-015;Logoff;;;;
1354;15/03/2025 9:06;user05;PC-015;Logon;;;;
1355;15/03/2025 17:32;user04;PC-014;Logoff;;;;
1356;15/03/2025 8:49;user04;PC-014;Logon;;;;
1357;15/03/2025 17:15;user03;PC-013;Logoff;;;;
1358;15/03/2025 8:42;user03;PC-013;Logon;;;;
1359;15/03/2025 17:34;user02;PC-012;Logoff;;;;
1360;15/03/2025 9:01;user02;PC-012;Logon;;;;
1361;15/03/2025 17:21;user01;PC-011;Logoff;;;;
1362;15/03/2025 8:35;user01;PC-011;Logon;;;;
1363;15/03/2025 17:31;jack;PC-010;Logoff;;;;
1364;15/03/2025 8:50;jack;PC-010;Logon;;;;
1365;15/03/2025 17:05;ian;PC-009;Logoff;;;;
1366;15/03/2025 9:12;ian;PC-009;Logon;;;;
1367;15/03/2025 17:20;hannah;PC-008;Logoff;;;;
1368;15/03/2025 8:46;hannah;PC-008;Logon;;;;
1369;15/03/2025 17:09;grace;PC-007;Logoff;;;;
1370;15/03/2025 8:32;grace;PC-007;Logon;;;;
1371;15/03/2025 17:12;frank;PC-006;Logoff;;;;
1372;15/03/2025 9:16;frank;PC-006;Logon;;;;
1373;15/03/2025 17:23;eva;PC-005;Logoff;;;;
1374;15/03/2025 9:04;eva;PC-005;Logon;;;;
1375;15/03/2025 17:30;david;PC-004;Logoff;;;;
1376;15/03/2025 9:00;david;PC-004;Logon;;;;
1377;15/03/2025 17:32;root2;PC-003;Logoff;;;;
1378;15/03/2025 9:25;root2;PC-003;Logon;;;;
1379;15/03/2025 17:24;root1;PC-002;Logoff;;;;
1380;15/03/2025 9:02;root1;PC-002;Logon;;;;
1381;15/03/2025 17:21;joe;PC-001;Logoff;;;;
1382;15/03/2025 8:31;joe;PC-001;Logon;;;;
1383;15/03/2025 19:35;user04;PC-014;Logoff;;;;
1384;15/03/2025 19:04;user04;PC-014;Logon;;;;
1385;17/03/2025 17:40;user30;PC-040;Logoff;;;;
1386;17/03/2025 9:19;user30;PC-040;Logon;;;;
1387;17/03/2025 17:25;user29;PC-039;Logoff;;;;
1388;17/03/2025 8:55;user29;PC-039;Logon;;;;
1389;17/03/2025 17:10;user28;PC-038;Logoff;;;;
1390;17/03/2025 8:41;user28;PC-038;Logon;;;;
1391;17/03/2025 17:35;user27;PC-037;Logoff;;;;
1392;17/03/2025 9:00;user27;PC-037;Logon;;;;
1393;17/03/2025 17:38;user26;PC-036;Logoff;;;;
1394;17/03/2025 8:55;user26;PC-036;Logon;;;;
1395;17/03/2025 17:40;user25;PC-035;Logoff;;;;
1396;17/03/2025 9:05;user25;PC-035;Logon;;;;
1397;17/03/2025 17:24;user24;PC-034;Logoff;;;;
1398;17/03/2025 8:55;user24;PC-034;Logon;;;;
1399;17/03/2025 17:45;user23;PC-033;Logoff;;;;
1400;17/03/2025 9:16;user23;PC-033;Logon;;;;
1401;17/03/2025 17:15;user22;PC-032;Logoff;;;;
1402;17/03/2025 8:45;user22;PC-032;Logon;;;;
1403;17/03/2025 17:23;user21;PC-031;Logoff;;;;
1404;17/03/2025 9:07;user21;PC-031;Logon;;;;
1405;17/03/2025 17:20;user20;PC-030;Logoff;;;;
1406;17/03/2025 8:50;user20;PC-030;Logon;;;;
1407;17/03/2025 17:40;user19;PC-029;Logoff;;;;
1408;17/03/2025 9:05;user19;PC-029;Logon;;;;
1409;17/03/2025 17:33;user18;PC-028;Logoff;;;;
1410;17/03/2025 8:55;user18;PC-028;Logon;;;;
1411;17/03/2025 17:10;user17;PC-027;Logoff;;;;
1412;17/03/2025 8:56;user17;PC-027;Logon;;;;
1413;17/03/2025 17:31;user16;PC-026;Logoff;;;;
1414;17/03/2025 9:00;user16;PC-026;Logon;;;;
1415;17/03/2025 17:30;user15;PC-025;Logoff;;;;
1416;17/03/2025 8:50;user15;PC-025;Logon;;;;
1417;17/03/2025 17:45;user14;PC-024;Logoff;;;;
1418;17/03/2025 9:17;user14;PC-024;Logon;;;;
1419;17/03/2025 17:25;user13;PC-023;Logoff;;;;
1420;17/03/2025 8:45;user13;PC-023;Logon;;;;
1421;17/03/2025 17:41;user12;PC-022;Logoff;;;;
1422;17/03/2025 9:05;user12;PC-022;Logon;;;;
1423;17/03/2025 17:14;user11;PC-021;Logoff;;;;
1424;17/03/2025 8:35;user11;PC-021;Logon;;;;
1425;17/03/2025 17:35;user10;PC-020;Logoff;;;;
1426;17/03/2025 9:27;user10;PC-020;Logon;;;;
1427;17/03/2025 17:39;user09;PC-019;Logoff;;;;
1428;17/03/2025 8:59;user09;PC-019;Logon;;;;
1429;17/03/2025 17:19;user08;PC-018;Logoff;;;;
1430;17/03/2025 8:38;user08;PC-018;Logon;;;;
1431;17/03/2025 17:45;user07;PC-017;Logoff;;;;
1432;17/03/2025 9:11;user07;PC-017;Logon;;;;
1433;17/03/2025 17:25;user06;PC-016;Logoff;;;;
1434;17/03/2025 8:55;user06;PC-016;Logon;;;;
1435;17/03/2025 17:13;user05;PC-015;Logoff;;;;
1436;17/03/2025 9:06;user05;PC-015;Logon;;;;
1437;17/03/2025 17:32;user04;PC-014;Logoff;;;;
1438;17/03/2025 8:49;user04;PC-014;Logon;;;;
1439;17/03/2025 17:15;user03;PC-013;Logoff;;;;
1440;17/03/2025 8:42;user03;PC-013;Logon;;;;
1441;17/03/2025 17:34;user02;PC-012;Logoff;;;;
1442;17/03/2025 9:01;user02;PC-012;Logon;;;;
1443;17/03/2025 17:21;user01;PC-011;Logoff;;;;
1444;17/03/2025 8:35;user01;PC-011;Logon;;;;
1445;17/03/2025 17:31;jack;PC-010;Logoff;;;;
1446;17/03/2025 8:50;jack;PC-010;Logon;;;;
1447;17/03/2025 17:05;ian;PC-009;Logoff;;;;
1448;17/03/2025 9:12;ian;PC-009;Logon;;;;
1449;17/03/2025 17:20;hannah;PC-008;Logoff;;;;
1450;17/03/2025 8:46;hannah;PC-008;Logon;;;;
1451;17/03/2025 17:09;grace;PC-007;Logoff;;;;
1452;17/03/2025 8:32;grace;PC-007;Logon;;;;
1453;17/03/2025 17:12;frank;PC-006;Logoff;;;;
1454;17/03/2025 9:16;frank;PC-006;Logon;;;;
1455;17/03/2025 17:23;eva;PC-005;Logoff;;;;
1456;17/03/2025 9:04;eva;PC-005;Logon;;;;
1457;17/03/2025 17:30;david;PC-004;Logoff;;;;
1458;17/03/2025 9:00;david;PC-004;Logon;;;;
1459;17/03/2025 17:32;root2;PC-003;Logoff;;;;
1460;17/03/2025 9:25;root2;PC-003;Logon;;;;
1461;17/03/2025 17:24;root1;PC-002;Logoff;;;;
1462;17/03/2025 9:02;root1;PC-002;Logon;;;;
1463;17/03/2025 17:21;joe;PC-001;Logoff;;;;
1464;17/03/2025 8:31;joe;PC-001;Logon;;;;
1465;17/03/2025 22:20;david;PC-004;Logoff;;;;
1466;17/03/2025 21:11;david;PC-004;Logon;;;;m
1467;18/03/2025 17:40;user30;PC-040;Logoff;;;;
1468;18/03/2025 9:19;user30;PC-040;Logon;;;;
1469;18/03/2025 17:25;user29;PC-039;Logoff;;;;
1470;18/03/2025 8:55;user29;PC-039;Logon;;;;
1471;18/03/2025 17:10;user28;PC-038;Logoff;;;;
1472;18/03/2025 8:41;user28;PC-038;Logon;;;;
1473;18/03/2025 17:35;user27;PC-037;Logoff;;;;
1474;18/03/2025 9:00;user27;PC-037;Logon;;;;
1475;18/03/2025 17:38;user26;PC-036;Logoff;;;;
1476;18/03/2025 8:55;user26;PC-036;Logon;;;;
1477;18/03/2025 17:40;user25;PC-035;Logoff;;;;
1478;18/03/2025 9:05;user25;PC-035;Logon;;;;
1479;18/03/2025 17:24;user24;PC-034;Logoff;;;;
1480;18/03/2025 8:55;user24;PC-034;Logon;;;;
1481;18/03/2025 17:45;user23;PC-033;Logoff;;;;
1482;18/03/2025 9:16;user23;PC-033;Logon;;;;
1483;18/03/2025 17:15;user22;PC-032;Logoff;;;;
1484;18/03/2025 8:45;user22;PC-032;Logon;;;;
1485;18/03/2025 17:23;user21;PC-031;Logoff;;;;
1486;18/03/2025 9:07;user21;PC-031;Logon;;;;
1487;18/03/2025 17:20;user20;PC-030;Logoff;;;;
1488;18/03/2025 8:50;user20;PC-030;Logon;;;;
1489;18/03/2025 17:40;user19;PC-029;Logoff;;;;
1490;18/03/2025 9:05;user19;PC-029;Logon;;;;
1491;18/03/2025 17:33;user18;PC-028;Logoff;;;;
1492;18/03/2025 8:55;user18;PC-028;Logon;;;;
1493;18/03/2025 17:10;user17;PC-027;Logoff;;;;
1494;18/03/2025 8:56;user17;PC-027;Logon;;;;
1495;18/03/2025 17:31;user16;PC-026;Logoff;;;;
1496;18/03/2025 9:00;user16;PC-026;Logon;;;;
1497;18/03/2025 17:30;user15;PC-025;Logoff;;;;
1498;18/03/2025 8:50;user15;PC-025;Logon;;;;
1499;18/03/2025 17:45;user14;PC-024;Logoff;;;;
1500;18/03/2025 9:17;user14;PC-024;Logon;;;;
1501;18/03/2025 17:25;user13;PC-023;Logoff;;;;
1502;18/03/2025 8:45;user13;PC-023;Logon;;;;
1503;18/03/2025 17:41;user12;PC-022;Logoff;;;;
1504;18/03/2025 9:05;user12;PC-022;Logon;;;;
1505;18/03/2025 17:14;user11;PC-021;Logoff;;;;
1506;18/03/2025 8:35;user11;PC-021;Logon;;;;
1507;18/03/2025 17:35;user10;PC-020;Logoff;;;;
1508;18/03/2025 9:27;user10;PC-020;Logon;;;;
1509;18/03/2025 17:39;user09;PC-019;Logoff;;;;
1510;18/03/2025 8:59;user09;PC-019;Logon;;;;
1511;18/03/2025 17:19;user08;PC-018;Logoff;;;;
1512;18/03/2025 8:38;user08;PC-018;Logon;;;;
1513;18/03/2025 17:45;user07;PC-017;Logoff;;;;
1514;18/03/2025 9:11;user07;PC-017;Logon;;;;
1515;18/03/2025 17:25;user06;PC-016;Logoff;;;;
1516;18/03/2025 8:55;user06;PC-016;Logon;;;;
1517;18/03/2025 17:13;user05;PC-015;Logoff;;;;
1518;18/03/2025 9:06;user05;PC-015;Logon;;;;
1519;18/03/2025 17:32;user04;PC-014;Logoff;;;;
1520;18/03/2025 8:49;user04;PC-014;Logon;;;;
1521;18/03/2025 17:15;user03;PC-013;Logoff;;;;
1522;18/03/2025 8:42;user03;PC-013;Logon;;;;
1523;18/03/2025 17:34;user02;PC-012;Logoff;;;;
1524;18/03/2025 9:01;user02;PC-012;Logon;;;;
1525;18/03/2025 17:21;user01;PC-011;Logoff;;;;
1526;18/03/2025 8:35;user01;PC-011;Logon;;;;
1527;18/03/2025 17:31;jack;PC-010;Logoff;;;;
1528;18/03/2025 8:50;jack;PC-010;Logon;;;;
1529;18/03/2025 17:05;ian;PC-009;Logoff;;;;
1530;18/03/2025 9:12;ian;PC-009;Logon;;;;
1531;18/03/2025 17:20;hannah;PC-008;Logoff;;;;
1532;18/03/2025 8:46;hannah;PC-008;Logon;;;;
1533;18/03/2025 17:09;grace;PC-007;Logoff;;;;
1534;18/03/2025 8:32;grace;PC-007;Logon;;;;
1535;18/03/2025 17:12;frank;PC-006;Logoff;;;;
1536;18/03/2025 9:16;frank;PC-006;Logon;;;;
1537;18/03/2025 17:23;eva;PC-005;Logoff;;;;
1538;18/03/2025 9:04;eva;PC-005;Logon;;;;
1539;18/03/2025 17:30;david;PC-004;Logoff;;;;
1540;18/03/2025 9:00;david;PC-004;Logon;;;;
1541;18/03/2025 17:32;root2;PC-003;Logoff;;;;
1542;18/03/2025 9:25;root2;PC-003;Logon;;;;
1543;18/03/2025 17:24;root1;PC-002;Logoff;;;;
1544;18/03/2025 9:02;root1;PC-002;Logon;;;;
1545;18/03/2025 17:21;joe;PC-001;Logoff;;;;
1546;18/03/2025 8:31;joe;PC-001;Logon;;;;
1547;19/03/2025 17:40;user30;PC-040;Logoff;;;;
1548;19/03/2025 9:19;user30;PC-040;Logon;;;;
1549;19/03/2025 17:25;user29;PC-039;Logoff;;;;
1550;19/03/2025 8:55;user29;PC-039;Logon;;;;
1551;19/03/2025 17:10;user28;PC-038;Logoff;;;;
1552;19/03/2025 8:41;user28;PC-038;Logon;;;;
1553;19/03/2025 17:35;user27;PC-037;Logoff;;;;
1554;19/03/2025 9:00;user27;PC-037;Logon;;;;
1555;19/03/2025 17:38;user26;PC-036;Logoff;;;;
1556;19/03/2025 8:55;user26;PC-036;Logon;;;;
1557;19/03/2025 17:40;user25;PC-035;Logoff;;;;
1558;19/03/2025 9:05;user25;PC-035;Logon;;;;
1559;19/03/2025 17:24;user24;PC-034;Logoff;;;;
1560;19/03/2025 8:55;user24;PC-034;Logon;;;;
1561;19/03/2025 17:45;user23;PC-033;Logoff;;;;
1562;19/03/2025 9:16;user23;PC-033;Logon;;;;
1563;19/03/2025 17:15;user22;PC-032;Logoff;;;;
1564;19/03/2025 8:45;user22;PC-032;Logon;;;;
1565;19/03/2025 17:23;user21;PC-031;Logoff;;;;
1566;19/03/2025 9:07;user21;PC-031;Logon;;;;
1567;19/03/2025 17:20;user20;PC-030;Logoff;;;;
1568;19/03/2025 8:50;user20;PC-030;Logon;;;;
1569;19/03/2025 17:40;user19;PC-029;Logoff;;;;
1570;19/03/2025 9:05;user19;PC-029;Logon;;;;
1571;19/03/2025 17:33;user18;PC-028;Logoff;;;;
1572;19/03/2025 8:55;user18;PC-028;Logon;;;;
1573;19/03/2025 17:10;user17;PC-027;Logoff;;;;
1574;19/03/2025 8:56;user17;PC-027;Logon;;;;
1575;19/03/2025 17:31;user16;PC-026;Logoff;;;;
1576;19/03/2025 9:00;user16;PC-026;Logon;;;;
1577;19/03/2025 17:30;user15;PC-025;Logoff;;;;
1578;19/03/2025 8:50;user15;PC-025;Logon;;;;
1579;19/03/2025 17:45;user14;PC-024;Logoff;;;;
1580;19/03/2025 9:17;user14;PC-024;Logon;;;;
1581;19/03/2025 17:25;user13;PC-023;Logoff;;;;
1582;19/03/2025 8:45;user13;PC-023;Logon;;;;
1583;19/03/2025 17:41;user12;PC-022;Logoff;;;;
1584;19/03/2025 9:05;user12;PC-022;Logon;;;;
1585;19/03/2025 17:14;user11;PC-021;Logoff;;;;
1586;19/03/2025 8:35;user11;PC-021;Logon;;;;
1587;19/03/2025 17:35;user10;PC-020;Logoff;;;;
1588;19/03/2025 9:27;user10;PC-020;Logon;;;;
1589;19/03/2025 17:39;user09;PC-019;Logoff;;;;
1590;19/03/2025 8:59;user09;PC-019;Logon;;;;
1591;19/03/2025 17:19;user08;PC-018;Logoff;;;;
1592;19/03/2025 8:38;user08;PC-018;Logon;;;;
1593;19/03/2025 17:45;user07;PC-017;Logoff;;;;
1594;19/03/2025 9:11;user07;PC-017;Logon;;;;
1595;19/03/2025 17:25;user06;PC-016;Logoff;;;;
1596;19/03/2025 8:55;user06;PC-016;Logon;;;;
1597;19/03/2025 17:13;user05;PC-015;Logoff;;;;
1598;19/03/2025 9:06;user05;PC-015;Logon;;;;
1599;19/03/2025 17:32;user04;PC-014;Logoff;;;;
1600;19/03/2025 8:49;user04;PC-014;Logon;;;;
1601;19/03/2025 17:15;user03;PC-013;Logoff;;;;
1602;19/03/2025 8:42;user03;PC-013;Logon;;;;
1603;19/03/2025 17:34;user02;PC-012;Logoff;;;;
1604;19/03/2025 9:01;user02;PC-012;Logon;;;;
1605;19/03/2025 17:21;user01;PC-011;Logoff;;;;
1606;19/03/2025 8:35;user01;PC-011;Logon;;;;
1607;19/03/2025 17:31;jack;PC-010;Logoff;;;;
1608;19/03/2025 8:50;jack;PC-010;Logon;;;;
1609;19/03/2025 17:05;ian;PC-009;Logoff;;;;
1610;19/03/2025 9:12;ian;PC-009;Logon;;;;
1611;19/03/2025 17:20;hannah;PC-008;Logoff;;;;
1612;19/03/2025 8:46;hannah;PC-008;Logon;;;;
1613;19/03/2025 17:09;grace;PC-007;Logoff;;;;
1614;19/03/2025 8:32;grace;PC-007;Logon;;;;
1615;19/03/2025 17:12;frank;PC-006;Logoff;;;;
1616;19/03/2025 9:16;frank;PC-006;Logon;;;;
1617;19/03/2025 17:23;eva;PC-005;Logoff;;;;
1618;19/03/2025 9:04;eva;PC-005;Logon;;;;
1619;19/03/2025 17:30;david;PC-004;Logoff;;;;
1620;19/03/2025 9:00;david;PC-004;Logon;;;;
1621;19/03/2025 17:32;root2;PC-003;Logoff;;;;
1622;19/03/2025 9:25;root2;PC-003;Logon;;;;
1623;19/03/2025 17:24;root1;PC-002;Logoff;;;;
1624;19/03/2025 9:02;root1;PC-002;Logon;;;;
1625;19/03/2025 17:21;joe;PC-001;Logoff;;;;
1626;19/03/2025 8:31;joe;PC-001;Logon;;;;
1627;19/03/2025 19:02;david ;PC-004;Logoff;;;;
1628;19/03/2025 18:21;david;PC-004;Logon;;;;m
1629;03/04/2025 17:42;user30;PC-040;Logoff;;;;
1630;03/04/2025 9:17;user30;PC-040;Logon;;;;
1631;03/04/2025 17:29;user29;PC-039;Logoff;;;;
1632;03/04/2025 8:55;user29;PC-039;Logon;;;;
1633;03/04/2025 17:16;user28;PC-038;Logoff;;;;
1634;03/04/2025 8:41;user28;PC-038;Logon;;;;
1635;03/04/2025 17:38;user27;PC-037;Logoff;;;;
1636;03/04/2025 9:00;user27;PC-037;Logon;;;;
1637;03/04/2025 17:41;user26;PC-036;Logoff;;;;
1638;03/04/2025 8:55;user26;PC-036;Logon;;;;
1639;03/04/2025 17:43;user25;PC-035;Logoff;;;;
1640;03/04/2025 9:05;user25;PC-035;Logon;;;;
1641;03/04/2025 17:27;user24;PC-034;Logoff;;;;
1642;03/04/2025 8:55;user24;PC-034;Logon;;;;
1643;03/04/2025 17:49;user23;PC-033;Logoff;;;;
1644;03/04/2025 9:16;user23;PC-033;Logon;;;;
1645;03/04/2025 17:18;user22;PC-032;Logoff;;;;
1646;03/04/2025 8:45;user22;PC-032;Logon;;;;
1647;03/04/2025 17:26;user21;PC-031;Logoff;;;;
1648;03/04/2025 9:07;user21;PC-031;Logon;;;;
1649;03/04/2025 17:24;user20;PC-030;Logoff;;;;
1650;03/04/2025 8:50;user20;PC-030;Logon;;;;
1651;03/04/2025 17:43;user19;PC-029;Logoff;;;;
1652;03/04/2025 9:05;user19;PC-029;Logon;;;;
1653;03/04/2025 17:37;user18;PC-028;Logoff;;;;
1654;03/04/2025 8:55;user18;PC-028;Logon;;;;
1655;03/04/2025 17:14;user17;PC-027;Logoff;;;;
1656;03/04/2025 8:56;user17;PC-027;Logon;;;;
1657;03/04/2025 17:36;user16;PC-026;Logoff;;;;
1658;03/04/2025 9:00;user16;PC-026;Logon;;;;
1659;03/04/2025 17:33;user15;PC-025;Logoff;;;;
1660;03/04/2025 8:50;user15;PC-025;Logon;;;;
1661;03/04/2025 17:47;user14;PC-024;Logoff;;;;
1662;03/04/2025 9:17;user14;PC-024;Logon;;;;
1663;03/04/2025 17:28;user13;PC-023;Logoff;;;;
1664;03/04/2025 8:45;user13;PC-023;Logon;;;;
1665;03/04/2025 17:44;user12;PC-022;Logoff;;;;
1666;03/04/2025 9:05;user12;PC-022;Logon;;;;
1667;03/04/2025 17:19;user11;PC-021;Logoff;;;;
1668;03/04/2025 8:35;user11;PC-021;Logon;;;;
1669;03/04/2025 17:38;user10;PC-020;Logoff;;;;
1670;03/04/2025 9:27;user10;PC-020;Logon;;;;
1671;03/04/2025 17:42;user09;PC-019;Logoff;;;;
1672;03/04/2025 8:59;user09;PC-019;Logon;;;;
1673;03/04/2025 17:22;user08;PC-018;Logoff;;;;
1674;03/04/2025 8:38;user08;PC-018;Logon;;;;
1675;03/04/2025 17:48;user07;PC-017;Logoff;;;;
1676;03/04/2025 9:11;user07;PC-017;Logon;;;;
1677;03/04/2025 17:29;user06;PC-016;Logoff;;;;
1678;03/04/2025 8:55;user06;PC-016;Logon;;;;
1679;03/04/2025 17:17;user05;PC-015;Logoff;;;;
1680;03/04/2025 9:06;user05;PC-015;Logon;;;;
1681;03/04/2025 17:35;user04;PC-014;Logoff;;;;
1682;03/04/2025 8:49;user04;PC-014;Logon;;;;
1683;03/04/2025 17:18;user03;PC-013;Logoff;;;;
1684;03/04/2025 8:42;user03;PC-013;Logon;;;;
1685;03/04/2025 17:36;user02;PC-012;Logoff;;;;
1686;03/04/2025 9:01;user02;PC-012;Logon;;;;
1687;03/04/2025 17:28;user01;PC-011;Logoff;;;;
1688;03/04/2025 8:35;user01;PC-011;Logon;;;;
1689;03/04/2025 17:37;jack;PC-010;Logoff;;;;
1690;03/04/2025 8:50;jack;PC-010;Logon;;;;
1691;03/04/2025 17:08;ian;PC-009;Logoff;;;;
1692;03/04/2025 9:12;ian;PC-009;Logon;;;;
1693;03/04/2025 17:23;hannah;PC-008;Logoff;;;;
1694;03/04/2025 8:46;hannah;PC-008;Logon;;;;
1695;03/04/2025 17:12;grace;PC-007;Logoff;;;;
1696;03/04/2025 8:32;grace;PC-007;Logon;;;;
1697;03/04/2025 17:15;frank;PC-006;Logoff;;;;
1698;03/04/2025 9:16;frank;PC-006;Logon;;;;
1699;03/04/2025 17:27;eva;PC-005;Logoff;;;;
1700;03/04/2025 9:04;eva;PC-005;Logon;;;;
1701;03/04/2025 17:31;david;PC-004;Logoff;;;;
1702;03/04/2025 9:02;david;PC-004;Logon;;;;
1703;03/04/2025 17:34;root2;PC-003;Logoff;;;;
1704;03/04/2025 9:25;root2;PC-003;Logon;;;;
1705;03/04/2025 17:26;root1;PC-002;Logoff;;;;
1706;03/04/2025 9:04;root1;PC-002;Logon;;;;
1707;03/04/2025 17:23;joe;PC-001;Logoff;;;;
1708;03/04/2025 8:31;joe;PC-001;Logon;;;;
1709;03/04/2025 20:47;eva;PC-005;Logoff;;;;
1710;03/04/2025 20:12;eva;PC-005;Logon;;;;m
1711;04/04/2025 17:40;user30;PC-040;Logoff;;;;
1712;04/04/2025 9:19;user30;PC-040;Logon;;;;
1713;04/04/2025 17:25;user29;PC-039;Logoff;;;;
1714;04/04/2025 8:55;user29;PC-039;Logon;;;;
1715;04/04/2025 17:10;user28;PC-038;Logoff;;;;
1716;04/04/2025 8:41;user28;PC-038;Logon;;;;
1717;04/04/2025 17:35;user27;PC-037;Logoff;;;;
1718;04/04/2025 9:00;user27;PC-037;Logon;;;;
1719;04/04/2025 17:38;user26;PC-036;Logoff;;;;
1720;04/04/2025 8:55;user26;PC-036;Logon;;;;
1721;04/04/2025 17:40;user25;PC-035;Logoff;;;;
1722;04/04/2025 9:05;user25;PC-035;Logon;;;;
1723;04/04/2025 17:24;user24;PC-034;Logoff;;;;
1724;04/04/2025 8:55;user24;PC-034;Logon;;;;
1725;04/04/2025 17:45;user23;PC-033;Logoff;;;;
1726;04/04/2025 9:16;user23;PC-033;Logon;;;;
1727;04/04/2025 17:15;user22;PC-032;Logoff;;;;
1728;04/04/2025 8:45;user22;PC-032;Logon;;;;
1729;04/04/2025 17:23;user21;PC-031;Logoff;;;;
1730;04/04/2025 9:07;user21;PC-031;Logon;;;;
1731;04/04/2025 17:20;user20;PC-030;Logoff;;;;
1732;04/04/2025 8:50;user20;PC-030;Logon;;;;
1733;04/04/2025 17:40;user19;PC-029;Logoff;;;;
1734;04/04/2025 9:05;user19;PC-029;Logon;;;;
1735;04/04/2025 17:33;user18;PC-028;Logoff;;;;
1736;04/04/2025 8:55;user18;PC-028;Logon;;;;
1737;04/04/2025 17:10;user17;PC-027;Logoff;;;;
1738;04/04/2025 8:56;user17;PC-027;Logon;;;;
1739;04/04/2025 17:31;user16;PC-026;Logoff;;;;
1740;04/04/2025 9:00;user16;PC-026;Logon;;;;
1741;04/04/2025 17:30;user15;PC-025;Logoff;;;;
1742;04/04/2025 8:50;user15;PC-025;Logon;;;;
1743;04/04/2025 17:45;user14;PC-024;Logoff;;;;
1744;04/04/2025 9:17;user14;PC-024;Logon;;;;
1745;04/04/2025 17:25;user13;PC-023;Logoff;;;;
1746;04/04/2025 8:45;user13;PC-023;Logon;;;;
1747;04/04/2025 17:41;user12;PC-022;Logoff;;;;
1748;04/04/2025 9:05;user12;PC-022;Logon;;;;
1749;04/04/2025 17:14;user11;PC-021;Logoff;;;;
1750;04/04/2025 8:35;user11;PC-021;Logon;;;;
1751;04/04/2025 17:35;user10;PC-020;Logoff;;;;
1752;04/04/2025 9:27;user10;PC-020;Logon;;;;
1753;04/04/2025 17:39;user09;PC-019;Logoff;;;;
1754;04/04/2025 8:59;user09;PC-019;Logon;;;;
1755;04/04/2025 17:19;user08;PC-018;Logoff;;;;
1756;04/04/2025 8:38;user08;PC-018;Logon;;;;
1757;04/04/2025 17:45;user07;PC-017;Logoff;;;;
1758;04/04/2025 9:11;user07;PC-017;Logon;;;;
1759;04/04/2025 17:25;user06;PC-016;Logoff;;;;
1760;04/04/2025 8:55;user06;PC-016;Logon;;;;
1761;04/04/2025 17:13;user05;PC-015;Logoff;;;;
1762;04/04/2025 9:06;user05;PC-015;Logon;;;;
1763;04/04/2025 17:32;user04;PC-014;Logoff;;;;
1764;04/04/2025 8:49;user04;PC-014;Logon;;;;
1765;04/04/2025 17:15;user03;PC-013;Logoff;;;;
1766;04/04/2025 8:42;user03;PC-013;Logon;;;;
1767;04/04/2025 17:34;user02;PC-012;Logoff;;;;
1768;04/04/2025 9:01;user02;PC-012;Logon;;;;
1769;04/04/2025 17:21;user01;PC-011;Logoff;;;;
1770;04/04/2025 8:35;user01;PC-011;Logon;;;;
1771;04/04/2025 17:31;jack;PC-010;Logoff;;;;
1772;04/04/2025 8:50;jack;PC-010;Logon;;;;
1773;04/04/2025 17:05;ian;PC-009;Logoff;;;;
1774;04/04/2025 9:12;ian;PC-009;Logon;;;;
1775;04/04/2025 17:20;hannah;PC-008;Logoff;;;;
1776;04/04/2025 8:46;hannah;PC-008;Logon;;;;
1777;04/04/2025 17:09;grace;PC-007;Logoff;;;;
1778;04/04/2025 8:32;grace;PC-007;Logon;;;;
1779;04/04/2025 17:12;frank;PC-006;Logoff;;;;
1780;04/04/2025 9:16;frank;PC-006;Logon;;;;
1781;04/04/2025 17:23;eva;PC-005;Logoff;;;;
1782;04/04/2025 9:04;eva;PC-005;Logon;;;;
1783;04/04/2025 17:30;david;PC-004;Logoff;;;;
1784;04/04/2025 9:00;david;PC-004;Logon;;;;
1785;04/04/2025 17:32;root2;PC-003;Logoff;;;;
1786;04/04/2025 9:25;root2;PC-003;Logon;;;;
1787;04/04/2025 17:24;root1;PC-002;Logoff;;;;
1788;04/04/2025 9:02;root1;PC-002;Logon;;;;
1789;04/04/2025 17:38;joe;PC-001;Logoff;;;;
1790;04/04/2025 8:45;joe;PC-001;Logon;;;;
1791;04/04/2025 19:26;joe;PC-001;Logoff;;;;
1792;04/04/2025 18:30;joe;PC-001;Logon;;;;m
